Workbook
Name Slicer_NAMA_KABUPATEN: #REF!
Name Slicer_NAMA_KECAMATAN: #REF!
Name Slicer_ISP2: #REF!

Sheet Data Master
A2: NO | B2: NAMA KABUPATEN | C2: NAMA KECAMATAN | D2: NAMA DESA | E2: TITIK PEMASANGAN | F2: KOORDINAT LINTANG | G2: KOORDINAT BUJUR | H2: ISP | I2: PRODUK | J2: Bandwitdh / Kuota | K2: STATUS | L2: JANUARI | M2: FEBRUARI | N2: MARET | O2: APRIL | P2: MEI | Q2: JUNI | R2: JULI | S2: AGUSTUS | T2: SEPTEMBER | U2: HASIL EVALUASI | V2: LISTRIK | W2: JUMLAH PENDUDUK (JIWA) | X2: SMA/SMK | Y2: BIAYA BULANAN | Z2: LINK
A3: 1 | B3: BERAU | C3: BATU PUTIH | D3: TEMBUDAN | E3: KANTOR DESA | F3: 1.4114940697991807 | G3: 118.35868228189355 | H3: TELKOM | I3: WMS | J3: Bandwidth 50Mbps | K3: TERPASANG | U3: =IFERROR(__xludf.DUMMYFUNCTION("LET( angka_murni, ARRAYFORMULA(IFERROR(VALUE(REGEXREPLACE(L3:T3, ""[^0-9]"", """")), 0)), rata, IFERROR(AVERAGEIF(angka_murni, "">0""), 0), IF(rata > 0, IF(rata > 500, ""SANGAT OPTIMAL"", IF(rata > 200, ""OPTIMAL"", IF(rata > 100, ""K"&"URANG OPTIMAL"", ""TIDAK OPTIMAL""))), IF(COUNTIF(L3:T3, ""*TIDAK TERDETEKSI*"") > 0, ""TIDAK TERDETEKSI"", IF(COUNTIF(L3:T3, ""*TIDAK AKTIF*"") > 0, ""TIDAK AKTIF"", IF(COUNTIF(L3:T3, ""*BELUM TERPASANG*"") > 0, ""BELUM TERPASANG"", ""TI"&"DAK AKTIF""))) ) )"),"TIDAK AKTIF") -> TIDAK AKTIF | V3: PLN | W3: 2277 | X3: SMAN 10 BERAU | Y3: 638250 | Z3: https://tembudan.digitaldesa.id/
A4: =A3+1 -> 2 | B4: BERAU | C4: BATU PUTIH | D4: KAYU INDAH | E4: KANTOR DESA | F4: 1.4322942440867155 | G4: 118.31393952860488 | H4: TELKOMSEL | I4: ORBIT | J4: Kuota 400Gb | K4: TERPASANG | N4: <= 150GB | O4: <= 150GB | P4: <= 150GB | Q4: 0GB | R4: 0GB | U4: =IFERROR(__xludf.DUMMYFUNCTION("LET( angka_murni, ARRAYFORMULA(IFERROR(VALUE(REGEXREPLACE(L4:T4, ""[^0-9]"", """")), 0)), rata, IFERROR(AVERAGEIF(angka_murni, "">0""), 0), IF(rata > 0, IF(rata > 500, ""SANGAT OPTIMAL"", IF(rata > 200, ""OPTIMAL"", IF(rata > 100, ""K"&"URANG OPTIMAL"", ""TIDAK OPTIMAL""))), IF(COUNTIF(L4:T4, ""*TIDAK TERDETEKSI*"") > 0, ""TIDAK TERDETEKSI"", IF(COUNTIF(L4:T4, ""*TIDAK AKTIF*"") > 0, ""TIDAK AKTIF"", IF(COUNTIF(L4:T4, ""*BELUM TERPASANG*"") > 0, ""BELUM TERPASANG"", ""TI"&"DAK AKTIF""))) ) )"),"KURANG OPTIMAL") -> KURANG OPTIMAL | V4: PLN | W4: 921 | X4: SMAN 10 BERAU | Y4: 768950 | Z4: https://kayuindah.id/
A5: =A4+1 -> 3 | B5: BERAU | C5: BATU PUTIH | D5: BATU PUTIH | E5: KANTOR DESA | F5: 1.3724255224541961 | G5: 118.43450953203936 | H5: TELKOM | I5: WMS | J5: Bandwidth 50Mbps | K5: TERPASANG | U5: =IFERROR(__xludf.DUMMYFUNCTION("LET( angka_murni, ARRAYFORMULA(IFERROR(VALUE(REGEXREPLACE(L5:T5, ""[^0-9]"", """")), 0)), rata, IFERROR(AVERAGEIF(angka_murni, "">0""), 0), IF(rata > 0, IF(rata > 500, ""SANGAT OPTIMAL"", IF(rata > 200, ""OPTIMAL"", IF(rata > 100, ""K"&"URANG OPTIMAL"", ""TIDAK OPTIMAL""))), IF(COUNTIF(L5:T5, ""*TIDAK TERDETEKSI*"") > 0, ""TIDAK TERDETEKSI"", IF(COUNTIF(L5:T5, ""*TIDAK AKTIF*"") > 0, ""TIDAK AKTIF"", IF(COUNTIF(L5:T5, ""*BELUM TERPASANG*"") > 0, ""BELUM TERPASANG"", ""TI"&"DAK AKTIF""))) ) )"),"TIDAK AKTIF") -> TIDAK AKTIF | V5: PLN | W5: 3555 | X5: SMAN 10 BERAU | Y5: 638250 | Z5: https://kampungbatuputih.com/
A6: =A5+1 -> 4 | B6: BERAU | C6: BATU PUTIH | D6: LOBANG KELATAK | E6: KANTOR DESA | F6: 1.3696535243221635 | G6: 118.43360512047137 | H6: TELKOMSAT | I6: STARLINK | J6: Kuota FUP 2000GB | K6: TERPASANG | N6: <= 150GB | O6: <= 150GB | P6: <= 100GB | U6: =IFERROR(__xludf.DUMMYFUNCTION("LET( angka_murni, ARRAYFORMULA(IFERROR(VALUE(REGEXREPLACE(L6:T6, ""[^0-9]"", """")), 0)), rata, IFERROR(AVERAGEIF(angka_murni, "">0""), 0), IF(rata > 0, IF(rata > 500, ""SANGAT OPTIMAL"", IF(rata > 200, ""OPTIMAL"", IF(rata > 100, ""K"&"URANG OPTIMAL"", ""TIDAK OPTIMAL""))), IF(COUNTIF(L6:T6, ""*TIDAK TERDETEKSI*"") > 0, ""TIDAK TERDETEKSI"", IF(COUNTIF(L6:T6, ""*TIDAK AKTIF*"") > 0, ""TIDAK AKTIF"", IF(COUNTIF(L6:T6, ""*BELUM TERPASANG*"") > 0, ""BELUM TERPASANG"", ""TI"&"DAK AKTIF""))) ) )"),"KURANG OPTIMAL") -> KURANG OPTIMAL | V6: PLN | W6: 505 | X6: SMAN 10 BERAU | Y6: 1665000 | Z6: https://kampungbatuputih.com/
A7: =A6+1 -> 5 | B7: BERAU | C7: BATU PUTIH | D7: AMPEN MEDANG | E7: KANTOR DESA | F7: 1.336828851288219 | G7: 118.47551684091498 | H7: TELKOMSEL | I7: ORBIT | J7: Kuota 400Gb | K7: TERPASANG | N7: <= 100GB | O7: <= 100GB | P7: <= 100GB | Q7: <= 50GB | R7: <= 100GB | U7: =IFERROR(__xludf.DUMMYFUNCTION("LET( angka_murni, ARRAYFORMULA(IFERROR(VALUE(REGEXREPLACE(L7:T7, ""[^0-9]"", """")), 0)), rata, IFERROR(AVERAGEIF(angka_murni, "">0""), 0), IF(rata > 0, IF(rata > 500, ""SANGAT OPTIMAL"", IF(rata > 200, ""OPTIMAL"", IF(rata > 100, ""K"&"URANG OPTIMAL"", ""TIDAK OPTIMAL""))), IF(COUNTIF(L7:T7, ""*TIDAK TERDETEKSI*"") > 0, ""TIDAK TERDETEKSI"", IF(COUNTIF(L7:T7, ""*TIDAK AKTIF*"") > 0, ""TIDAK AKTIF"", IF(COUNTIF(L7:T7, ""*BELUM TERPASANG*"") > 0, ""BELUM TERPASANG"", ""TI"&"DAK AKTIF""))) ) )"),"TIDAK OPTIMAL") -> TIDAK OPTIMAL | V7: PLN | W7: 941 | X7: SMAN 10 BERAU | Y7: 768950
A8: =A7+1 -> 6 | B8: BERAU | C8: BATU PUTIH | D8: BALIKUKUP | E8: KANTOR DESA | F8: 1.417831510111881 | G8: 118.48055756225688 | H8: COMTELINDO | I8: WMS | J8: Bandwidth 30Mbps | K8: TERPASANG | L8: >1000GB | M8: >1000GB | N8: >1000GB | O8: >1000GB | P8: <= 200GB | Q8: <=1000GB | R8: <=1000GB | U8: =IFERROR(__xludf.DUMMYFUNCTION("LET( angka_murni, ARRAYFORMULA(IFERROR(VALUE(REGEXREPLACE(L8:T8, ""[^0-9]"", """")), 0)), rata, IFERROR(AVERAGEIF(angka_murni, "">0""), 0), IF(rata > 0, IF(rata > 500, ""SANGAT OPTIMAL"", IF(rata > 200, ""OPTIMAL"", IF(rata > 100, ""K"&"URANG OPTIMAL"", ""TIDAK OPTIMAL""))), IF(COUNTIF(L8:T8, ""*TIDAK TERDETEKSI*"") > 0, ""TIDAK TERDETEKSI"", IF(COUNTIF(L8:T8, ""*TIDAK AKTIF*"") > 0, ""TIDAK AKTIF"", IF(COUNTIF(L8:T8, ""*BELUM TERPASANG*"") > 0, ""BELUM TERPASANG"", ""TI"&"DAK AKTIF""))) ) )"),"SANGAT OPTIMAL") -> SANGAT OPTIMAL | V8: Non PLN : PLTS TERPUSAT KESDM 2016/2017 | W8: 1282 | X8: SMAN 10 BERAU | Y8: 1665000
A9: =A8+1 -> 7 | B9: BERAU | C9: BATU PUTIH | D9: SUMBER AGUNG | E9: KANTOR DESA | F9: 1.4578195365757132 | G9: 118.31199995866533 | H9: TELKOMSEL | I9: ORBIT | J9: Kuota 400Gb | K9: TERPASANG | N9: 0GB | O9: 0GB | P9: 0GB | Q9: 0GB | R9: 0GB | U9: =IFERROR(__xludf.DUMMYFUNCTION("LET( angka_murni, ARRAYFORMULA(IFERROR(VALUE(REGEXREPLACE(L9:T9, ""[^0-9]"", """")), 0)), rata, IFERROR(AVERAGEIF(angka_murni, "">0""), 0), IF(rata > 0, IF(rata > 500, ""SANGAT OPTIMAL"", IF(rata > 200, ""OPTIMAL"", IF(rata > 100, ""K"&"URANG OPTIMAL"", ""TIDAK OPTIMAL""))), IF(COUNTIF(L9:T9, ""*TIDAK TERDETEKSI*"") > 0, ""TIDAK TERDETEKSI"", IF(COUNTIF(L9:T9, ""*TIDAK AKTIF*"") > 0, ""TIDAK AKTIF"", IF(COUNTIF(L9:T9, ""*BELUM TERPASANG*"") > 0, ""BELUM TERPASANG"", ""TI"&"DAK AKTIF""))) ) )"),"TIDAK AKTIF") -> TIDAK AKTIF | V9: PLN | W9: 829 | X9: SMAN 10 BERAU | Y9: 768950 | Z9: https://sumberagung.digitaldesa.id/
A10: =A9+1 -> 8 | B10: BERAU | C10: BIATAN | D10: BIATAN ULU | E10: KANTOR DESA | F10: 1.335551728209252 | G10: 117.91302325587445 | H10: COMTELINDO | I10: WMS | J10: Bandwidth 30Mbps | K10: TERPASANG | L10: >1000GB | M10: >1000GB | N10: >1000GB | O10: >1000GB | P10: >1000GB | Q10: >1000GB | R10: >1000GB | U10: =IFERROR(__xludf.DUMMYFUNCTION("LET( angka_murni, ARRAYFORMULA(IFERROR(VALUE(REGEXREPLACE(L10:T10, ""[^0-9]"", """")), 0)), rata, IFERROR(AVERAGEIF(angka_murni, "">0""), 0), IF(rata > 0, IF(rata > 500, ""SANGAT OPTIMAL"", IF(rata > 200, ""OPTIMAL"", IF(rata > 100, "&"""KURANG OPTIMAL"", ""TIDAK OPTIMAL""))), IF(COUNTIF(L10:T10, ""*TIDAK TERDETEKSI*"") > 0, ""TIDAK TERDETEKSI"", IF(COUNTIF(L10:T10, ""*TIDAK AKTIF*"") > 0, ""TIDAK AKTIF"", IF(COUNTIF(L10:T10, ""*BELUM TERPASANG*"") > 0, ""BELUM TERPASAN"&"G"", ""TIDAK AKTIF""))) ) )"),"SANGAT OPTIMAL") -> SANGAT OPTIMAL | V10: PLN | W10: 921 | X10: SMAN 14 BERAU | Y10: 1665000
A11: =A10+1 -> 9 | B11: BERAU | C11: BIATAN | D11: BIATAN ILIR | E11: KANTOR DESA | F11: 1.6642044191360845 | G11: 118.05895755623887 | H11: COMTELINDO | I11: WMS | J11: Bandwidth 30Mbps | K11: TERPASANG | L11: BELUM TERPASANG | M11: BELUM TERPASANG | N11: BELUM TERPASANG | O11: TIDAK TERDETEKSI | P11: <= 50GB | Q11: <= 150GB | R11: <= 500GB | U11: =IFERROR(__xludf.DUMMYFUNCTION("LET( angka_murni, ARRAYFORMULA(IFERROR(VALUE(REGEXREPLACE(L11:T11, ""[^0-9]"", """")), 0)), rata, IFERROR(AVERAGEIF(angka_murni, "">0""), 0), IF(rata > 0, IF(rata > 500, ""SANGAT OPTIMAL"", IF(rata > 200, ""OPTIMAL"", IF(rata > 100, "&"""KURANG OPTIMAL"", ""TIDAK OPTIMAL""))), IF(COUNTIF(L11:T11, ""*TIDAK TERDETEKSI*"") > 0, ""TIDAK TERDETEKSI"", IF(COUNTIF(L11:T11, ""*TIDAK AKTIF*"") > 0, ""TIDAK AKTIF"", IF(COUNTIF(L11:T11, ""*BELUM TERPASANG*"") > 0, ""BELUM TERPASAN"&"G"", ""TIDAK AKTIF""))) ) )"),"OPTIMAL") -> OPTIMAL | V11: PLN | W11: 1400 | X11: SMAN 14 BERAU | Y11: 1665000 | Z11: https://biatanilir.berdesa.id/
A12: =A11+1 -> 10 | B12: BERAU | C12: BIATAN | D12: KARANGAN | E12: KANTOR DESA | F12: 1.664768 | G12: 118.055052 | H12: BESTCAMP | I12: STARLINK | J12: Kuota FUP 100GB | K12: TERPASANG | L12: <= 500GB | M12: <= 500GB | N12: <= 150GB | O12: <= 150GB | P12: <= 150GB | Q12: <= 200GB | U12: =IFERROR(__xludf.DUMMYFUNCTION("LET( angka_murni, ARRAYFORMULA(IFERROR(VALUE(REGEXREPLACE(L12:T12, ""[^0-9]"", """")), 0)), rata, IFERROR(AVERAGEIF(angka_murni, "">0""), 0), IF(rata > 0, IF(rata > 500, ""SANGAT OPTIMAL"", IF(rata > 200, ""OPTIMAL"", IF(rata > 100, "&"""KURANG OPTIMAL"", ""TIDAK OPTIMAL""))), IF(COUNTIF(L12:T12, ""*TIDAK TERDETEKSI*"") > 0, ""TIDAK TERDETEKSI"", IF(COUNTIF(L12:T12, ""*TIDAK AKTIF*"") > 0, ""TIDAK AKTIF"", IF(COUNTIF(L12:T12, ""*BELUM TERPASANG*"") > 0, ""BELUM TERPASAN"&"G"", ""TIDAK AKTIF""))) ) )"),"OPTIMAL") -> OPTIMAL | V12: PLN | W12: 667 | X12: SMAN 14 BERAU | Y12: 2553000 | Z12: https://desakarangan.id/
A13: =A12+1 -> 11 | B13: BERAU | C13: BIATAN | D13: BIATAN LEMPAKE | E13: KANTOR DESA | F13: 1.6636596092541116 | G13: 118.02909364298678 | H13: TELKOM | I13: WMS | J13: Bandwidth 50Mbps | K13: TERPASANG | U13: =IFERROR(__xludf.DUMMYFUNCTION("LET( angka_murni, ARRAYFORMULA(IFERROR(VALUE(REGEXREPLACE(L13:T13, ""[^0-9]"", """")), 0)), rata, IFERROR(AVERAGEIF(angka_murni, "">0""), 0), IF(rata > 0, IF(rata > 500, ""SANGAT OPTIMAL"", IF(rata > 200, ""OPTIMAL"", IF(rata > 100, "&"""KURANG OPTIMAL"", ""TIDAK OPTIMAL""))), IF(COUNTIF(L13:T13, ""*TIDAK TERDETEKSI*"") > 0, ""TIDAK TERDETEKSI"", IF(COUNTIF(L13:T13, ""*TIDAK AKTIF*"") > 0, ""TIDAK AKTIF"", IF(COUNTIF(L13:T13, ""*BELUM TERPASANG*"") > 0, ""BELUM TERPASAN"&"G"", ""TIDAK AKTIF""))) ) )"),"TIDAK AKTIF") -> TIDAK AKTIF | V13: PLN | W13: 3112 | X13: SMAN 14 BERAU | Y13: 638250 | Z13: https://biatan-lempake.geodesa.id/
A14: =A13+1 -> 12 | B14: BERAU | C14: BIATAN | D14: MANUNGGAL JAYA | E14: KANTOR DESA | F14: 1.68341854814553 | G14: 118.0118597 | H14: TELKOM | I14: WMS | J14: Bandwidth 50Mbps | K14: TERPASANG | U14: =IFERROR(__xludf.DUMMYFUNCTION("LET( angka_murni, ARRAYFORMULA(IFERROR(VALUE(REGEXREPLACE(L14:T14, ""[^0-9]"", """")), 0)), rata, IFERROR(AVERAGEIF(angka_murni, "">0""), 0), IF(rata > 0, IF(rata > 500, ""SANGAT OPTIMAL"", IF(rata > 200, ""OPTIMAL"", IF(rata > 100, "&"""KURANG OPTIMAL"", ""TIDAK OPTIMAL""))), IF(COUNTIF(L14:T14, ""*TIDAK TERDETEKSI*"") > 0, ""TIDAK TERDETEKSI"", IF(COUNTIF(L14:T14, ""*TIDAK AKTIF*"") > 0, ""TIDAK AKTIF"", IF(COUNTIF(L14:T14, ""*BELUM TERPASANG*"") > 0, ""BELUM TERPASAN"&"G"", ""TIDAK AKTIF""))) ) )"),"TIDAK AKTIF") -> TIDAK AKTIF | V14: PLN | W14: 1372 | X14: SMAN 14 BERAU | Y14: 638250
A15: =A14+1 -> 13 | B15: BERAU | C15: BIATAN | D15: BIATAN BAPINANG | E15: KANTOR DESA | F15: 1.714376961620032 | G15: 117.98620198580738 | H15: TELKOMSEL | I15: ORBIT | J15: Kuota 400Gb | K15: TERPASANG | N15: <= 200GB | O15: <= 200GB | P15: <= 200GB | Q15: <= 200GB | R15: <= 150GB | U15: =IFERROR(__xludf.DUMMYFUNCTION("LET( angka_murni, ARRAYFORMULA(IFERROR(VALUE(REGEXREPLACE(L15:T15, ""[^0-9]"", """")), 0)), rata, IFERROR(AVERAGEIF(angka_murni, "">0""), 0), IF(rata > 0, IF(rata > 500, ""SANGAT OPTIMAL"", IF(rata > 200, ""OPTIMAL"", IF(rata > 100, "&"""KURANG OPTIMAL"", ""TIDAK OPTIMAL""))), IF(COUNTIF(L15:T15, ""*TIDAK TERDETEKSI*"") > 0, ""TIDAK TERDETEKSI"", IF(COUNTIF(L15:T15, ""*TIDAK AKTIF*"") > 0, ""TIDAK AKTIF"", IF(COUNTIF(L15:T15, ""*BELUM TERPASANG*"") > 0, ""BELUM TERPASAN"&"G"", ""TIDAK AKTIF""))) ) )"),"KURANG OPTIMAL") -> KURANG OPTIMAL | V15: PLN | W15: 1003 | X15: SMAN 14 BERAU | Y15: 768950
A16: =A15+1 -> 14 | B16: BERAU | C16: BIATAN | D16: BIATAN BARU | E16: KANTOR DESA | F16: 1.5776146865362355 | G16: 117.98254060131111 | H16: COMTELINDO | I16: WMS | J16: Bandwidth 30Mbps | K16: TERPASANG | L16: <= 500GB | M16: <=1000GB | N16: <=1000GB | O16: <=1000GB | P16: >1000GB | Q16: <= 500GB | R16: <=1000GB | U16: =IFERROR(__xludf.DUMMYFUNCTION("LET( angka_murni, ARRAYFORMULA(IFERROR(VALUE(REGEXREPLACE(L16:T16, ""[^0-9]"", """")), 0)), rata, IFERROR(AVERAGEIF(angka_murni, "">0""), 0), IF(rata > 0, IF(rata > 500, ""SANGAT OPTIMAL"", IF(rata > 200, ""OPTIMAL"", IF(rata > 100, "&"""KURANG OPTIMAL"", ""TIDAK OPTIMAL""))), IF(COUNTIF(L16:T16, ""*TIDAK TERDETEKSI*"") > 0, ""TIDAK TERDETEKSI"", IF(COUNTIF(L16:T16, ""*TIDAK AKTIF*"") > 0, ""TIDAK AKTIF"", IF(COUNTIF(L16:T16, ""*BELUM TERPASANG*"") > 0, ""BELUM TERPASAN"&"G"", ""TIDAK AKTIF""))) ) )"),"SANGAT OPTIMAL") -> SANGAT OPTIMAL | V16: PLN | W16: 800 | X16: SMAN 14 BERAU | Y16: 1665000
A17: =A16+1 -> 15 | B17: BERAU | C17: BIATAN | D17: BUKIT MAKMUR JAYA | E17: PUSTU | F17: 1.6436982211065871 | G17: 117.9270624998015 | H17: COMTELINDO | I17: WMS | J17: Bandwidth 30Mbps | K17: TERPASANG | L17: TIDAK TERDETEKSI | M17: <= 100GB | N17: <= 100GB | O17: 0GB | P17: <= 50GB | Q17: <= 200GB | R17: <= 200GB | U17: =IFERROR(__xludf.DUMMYFUNCTION("LET( angka_murni, ARRAYFORMULA(IFERROR(VALUE(REGEXREPLACE(L17:T17, ""[^0-9]"", """")), 0)), rata, IFERROR(AVERAGEIF(angka_murni, "">0""), 0), IF(rata > 0, IF(rata > 500, ""SANGAT OPTIMAL"", IF(rata > 200, ""OPTIMAL"", IF(rata > 100, "&"""KURANG OPTIMAL"", ""TIDAK OPTIMAL""))), IF(COUNTIF(L17:T17, ""*TIDAK TERDETEKSI*"") > 0, ""TIDAK TERDETEKSI"", IF(COUNTIF(L17:T17, ""*TIDAK AKTIF*"") > 0, ""TIDAK AKTIF"", IF(COUNTIF(L17:T17, ""*BELUM TERPASANG*"") > 0, ""BELUM TERPASAN"&"G"", ""TIDAK AKTIF""))) ) )"),"KURANG OPTIMAL") -> KURANG OPTIMAL | V17: PLN | W17: 827 | X17: SMAN 14 BERAU | Y17: 1665000
A18: =A17+1 -> 16 | B18: BERAU | C18: BIDUK-BIDUK | D18: BIDUK-BIDUK | E18: KANTOR DESA | F18: 1.3102393782348722 | G18: 118.62564678631931 | H18: TELKOMSEL | I18: ORBIT | J18: Kuota 400Gb | K18: TERPASANG | N18: <= 100GB | O18: <= 100GB | P18: <= 100GB | Q18: <= 150GB | R18: <= 150GB | U18: =IFERROR(__xludf.DUMMYFUNCTION("LET( angka_murni, ARRAYFORMULA(IFERROR(VALUE(REGEXREPLACE(L18:T18, ""[^0-9]"", """")), 0)), rata, IFERROR(AVERAGEIF(angka_murni, "">0""), 0), IF(rata > 0, IF(rata > 500, ""SANGAT OPTIMAL"", IF(rata > 200, ""OPTIMAL"", IF(rata > 100, "&"""KURANG OPTIMAL"", ""TIDAK OPTIMAL""))), IF(COUNTIF(L18:T18, ""*TIDAK TERDETEKSI*"") > 0, ""TIDAK TERDETEKSI"", IF(COUNTIF(L18:T18, ""*TIDAK AKTIF*"") > 0, ""TIDAK AKTIF"", IF(COUNTIF(L18:T18, ""*BELUM TERPASANG*"") > 0, ""BELUM TERPASAN"&"G"", ""TIDAK AKTIF""))) ) )"),"KURANG OPTIMAL") -> KURANG OPTIMAL | V18: PLN | W18: 2260 | X18: SMAN 8 BERAU | Y18: 768950 | Z18: https://kampungbiduk.id/
A19: =A18+1 -> 17 | B19: BERAU | C19: BIDUK-BIDUK | D19: PANTAI HARAPAN | E19: KANTOR DESA | F19: 1.2859061874501128 | G19: 118.65429730385846 | H19: TELKOM | I19: WMS | J19: Bandwidth 50Mbps | K19: TERPASANG | U19: =IFERROR(__xludf.DUMMYFUNCTION("LET( angka_murni, ARRAYFORMULA(IFERROR(VALUE(REGEXREPLACE(L19:T19, ""[^0-9]"", """")), 0)), rata, IFERROR(AVERAGEIF(angka_murni, "">0""), 0), IF(rata > 0, IF(rata > 500, ""SANGAT OPTIMAL"", IF(rata > 200, ""OPTIMAL"", IF(rata > 100, "&"""KURANG OPTIMAL"", ""TIDAK OPTIMAL""))), IF(COUNTIF(L19:T19, ""*TIDAK TERDETEKSI*"") > 0, ""TIDAK TERDETEKSI"", IF(COUNTIF(L19:T19, ""*TIDAK AKTIF*"") > 0, ""TIDAK AKTIF"", IF(COUNTIF(L19:T19, ""*BELUM TERPASANG*"") > 0, ""BELUM TERPASAN"&"G"", ""TIDAK AKTIF""))) ) )"),"TIDAK AKTIF") -> TIDAK AKTIF | V19: PLN | W19: 863 | X19: SMAN 8 BERAU | Y19: 638250 | Z19: https://majupantaiharapan.com/
A20: =A19+1 -> 18 | B20: BERAU | C20: BIDUK-BIDUK | D20: TANJUNG PREPAT | E20: KANTOR DESA | F20: 1.3110253879927252 | G20: 118.62600528299706 | H20: TELKOM | I20: WMS | J20: Bandwidth 50Mbps | K20: TERPASANG | U20: =IFERROR(__xludf.DUMMYFUNCTION("LET( angka_murni, ARRAYFORMULA(IFERROR(VALUE(REGEXREPLACE(L20:T20, ""[^0-9]"", """")), 0)), rata, IFERROR(AVERAGEIF(angka_murni, "">0""), 0), IF(rata > 0, IF(rata > 500, ""SANGAT OPTIMAL"", IF(rata > 200, ""OPTIMAL"", IF(rata > 100, "&"""KURANG OPTIMAL"", ""TIDAK OPTIMAL""))), IF(COUNTIF(L20:T20, ""*TIDAK TERDETEKSI*"") > 0, ""TIDAK TERDETEKSI"", IF(COUNTIF(L20:T20, ""*TIDAK AKTIF*"") > 0, ""TIDAK AKTIF"", IF(COUNTIF(L20:T20, ""*BELUM TERPASANG*"") > 0, ""BELUM TERPASAN"&"G"", ""TIDAK AKTIF""))) ) )"),"TIDAK AKTIF") -> TIDAK AKTIF | V20: PLN | W20: 1129 | X20: SMAN 8 BERAU | Y20: 638250
A21: =A20+1 -> 19 | B21: BERAU | C21: BIDUK-BIDUK | D21: TELUK SUMBANG | E21: KANTOR DESA | F21: 1.047659997887953 | G21: 118.82834512867876 | H21: COMTELINDO | I21: WMS | J21: Bandwidth 30Mbps | K21: TERPASANG | L21: <=1000GB | M21: <= 500GB | N21: <=1000GB | O21: <= 500GB | P21: <= 500GB | Q21: <= 500GB | R21: <= 500GB | U21: =IFERROR(__xludf.DUMMYFUNCTION("LET( angka_murni, ARRAYFORMULA(IFERROR(VALUE(REGEXREPLACE(L21:T21, ""[^0-9]"", """")), 0)), rata, IFERROR(AVERAGEIF(angka_murni, "">0""), 0), IF(rata > 0, IF(rata > 500, ""SANGAT OPTIMAL"", IF(rata > 200, ""OPTIMAL"", IF(rata > 100, "&"""KURANG OPTIMAL"", ""TIDAK OPTIMAL""))), IF(COUNTIF(L21:T21, ""*TIDAK TERDETEKSI*"") > 0, ""TIDAK TERDETEKSI"", IF(COUNTIF(L21:T21, ""*TIDAK AKTIF*"") > 0, ""TIDAK AKTIF"", IF(COUNTIF(L21:T21, ""*BELUM TERPASANG*"") > 0, ""BELUM TERPASAN"&"G"", ""TIDAK AKTIF""))) ) )"),"SANGAT OPTIMAL") -> SANGAT OPTIMAL | V21: Non PLN : WILUS PLTS TERPUSAT | W21: 895 | X21: SMAN 8 BERAU | Y21: 1665000 | Z21: https://teluksumbang.digitaldesa.id/
A22: =A21+1 -> 20 | B22: BERAU | C22: BIDUK-BIDUK | D22: TELUK SULAIMAN | E22: KANTOR DESA | F22: 1.1749437584216023 | G22: 118.76764368946284 | H22: TELKOM | I22: WMS | J22: Bandwidth 50Mbps | K22: TERPASANG | U22: =IFERROR(__xludf.DUMMYFUNCTION("LET( angka_murni, ARRAYFORMULA(IFERROR(VALUE(REGEXREPLACE(L22:T22, ""[^0-9]"", """")), 0)), rata, IFERROR(AVERAGEIF(angka_murni, "">0""), 0), IF(rata > 0, IF(rata > 500, ""SANGAT OPTIMAL"", IF(rata > 200, ""OPTIMAL"", IF(rata > 100, "&"""KURANG OPTIMAL"", ""TIDAK OPTIMAL""))), IF(COUNTIF(L22:T22, ""*TIDAK TERDETEKSI*"") > 0, ""TIDAK TERDETEKSI"", IF(COUNTIF(L22:T22, ""*TIDAK AKTIF*"") > 0, ""TIDAK AKTIF"", IF(COUNTIF(L22:T22, ""*BELUM TERPASANG*"") > 0, ""BELUM TERPASAN"&"G"", ""TIDAK AKTIF""))) ) )"),"TIDAK AKTIF") -> TIDAK AKTIF | V22: PLN | W22: 1625 | X22: SMAN 8 BERAU | Y22: 638250
A23: =A22+1 -> 21 | B23: BERAU | C23: BIDUK-BIDUK | D23: GIRING-GIRING | E23: KANTOR DESA | F23: 1.2077694200696352 | G23: 118.7571945097419 | H23: TELKOM | I23: WMS | J23: Bandwidth 50Mbps | K23: TERPASANG | U23: =IFERROR(__xludf.DUMMYFUNCTION("LET( angka_murni, ARRAYFORMULA(IFERROR(VALUE(REGEXREPLACE(L23:T23, ""[^0-9]"", """")), 0)), rata, IFERROR(AVERAGEIF(angka_murni, "">0""), 0), IF(rata > 0, IF(rata > 500, ""SANGAT OPTIMAL"", IF(rata > 200, ""OPTIMAL"", IF(rata > 100, "&"""KURANG OPTIMAL"", ""TIDAK OPTIMAL""))), IF(COUNTIF(L23:T23, ""*TIDAK TERDETEKSI*"") > 0, ""TIDAK TERDETEKSI"", IF(COUNTIF(L23:T23, ""*TIDAK AKTIF*"") > 0, ""TIDAK AKTIF"", IF(COUNTIF(L23:T23, ""*BELUM TERPASANG*"") > 0, ""BELUM TERPASAN"&"G"", ""TIDAK AKTIF""))) ) )"),"TIDAK AKTIF") -> TIDAK AKTIF | V23: PLN | W23: 1368 | X23: SMAN 8 BERAU | Y23: 638250 | Z23: https://giring-giring.id/
A24: =A23+1 -> 22 | B24: BERAU | C24: GUNUNG TABUR | D24: TASUK | E24: PUSTU | F24: 2.1750066017231764 | G24: 117.4165095990138 | H24: COMTELINDO | I24: WMS | J24: Bandwidth 30Mbps | K24: TERPASANG | L24: <=1000GB | M24: <=1000GB | N24: >1000GB | O24: >1000GB | P24: >1000GB | Q24: <=1000GB | R24: <=1000GB | U24: =IFERROR(__xludf.DUMMYFUNCTION("LET( angka_murni, ARRAYFORMULA(IFERROR(VALUE(REGEXREPLACE(L24:T24, ""[^0-9]"", """")), 0)), rata, IFERROR(AVERAGEIF(angka_murni, "">0""), 0), IF(rata > 0, IF(rata > 500, ""SANGAT OPTIMAL"", IF(rata > 200, ""OPTIMAL"", IF(rata > 100, "&"""KURANG OPTIMAL"", ""TIDAK OPTIMAL""))), IF(COUNTIF(L24:T24, ""*TIDAK TERDETEKSI*"") > 0, ""TIDAK TERDETEKSI"", IF(COUNTIF(L24:T24, ""*TIDAK AKTIF*"") > 0, ""TIDAK AKTIF"", IF(COUNTIF(L24:T24, ""*BELUM TERPASANG*"") > 0, ""BELUM TERPASAN"&"G"", ""TIDAK AKTIF""))) ) )"),"SANGAT OPTIMAL") -> SANGAT OPTIMAL | V24: PLN | W24: 3242 | X24: SMKN 6 & SMAN 5 BERAU | Y24: 1665000
A25: =A24+1 -> 23 | B25: BERAU | C25: GUNUNG TABUR | D25: BIRANG | E25: KANTOR DESA | F25: 2.203806 | G25: 117.468896 | H25: BESTCAMP | I25: STARLINK | J25: Kuota FUP 100GB | K25: TERPASANG | L25: <= 100GB | M25: <= 100GB | N25: <= 100GB | O25: <= 100GB | P25: <= 150GB | Q25: <= 150GB | U25: =IFERROR(__xludf.DUMMYFUNCTION("LET( angka_murni, ARRAYFORMULA(IFERROR(VALUE(REGEXREPLACE(L25:T25, ""[^0-9]"", """")), 0)), rata, IFERROR(AVERAGEIF(angka_murni, "">0""), 0), IF(rata > 0, IF(rata > 500, ""SANGAT OPTIMAL"", IF(rata > 200, ""OPTIMAL"", IF(rata > 100, "&"""KURANG OPTIMAL"", ""TIDAK OPTIMAL""))), IF(COUNTIF(L25:T25, ""*TIDAK TERDETEKSI*"") > 0, ""TIDAK TERDETEKSI"", IF(COUNTIF(L25:T25, ""*TIDAK AKTIF*"") > 0, ""TIDAK AKTIF"", IF(COUNTIF(L25:T25, ""*BELUM TERPASANG*"") > 0, ""BELUM TERPASAN"&"G"", ""TIDAK AKTIF""))) ) )"),"KURANG OPTIMAL") -> KURANG OPTIMAL | V25: PLN | W25: 1211 | X25: SMKN 6 & SMAN 5 BERAU | Y25: 2553000
A26: =A25+1 -> 24 | B26: BERAU | C26: GUNUNG TABUR | D26: MALUANG | E26: KANTOR DESA | F26: 2.181368287478703 | G26: 117.51845002865578 | H26: TELKOM | I26: WMS | J26: Bandwidth 50Mbps | K26: TERPASANG | U26: =IFERROR(__xludf.DUMMYFUNCTION("LET( angka_murni, ARRAYFORMULA(IFERROR(VALUE(REGEXREPLACE(L26:T26, ""[^0-9]"", """")), 0)), rata, IFERROR(AVERAGEIF(angka_murni, "">0""), 0), IF(rata > 0, IF(rata > 500, ""SANGAT OPTIMAL"", IF(rata > 200, ""OPTIMAL"", IF(rata > 100, "&"""KURANG OPTIMAL"", ""TIDAK OPTIMAL""))), IF(COUNTIF(L26:T26, ""*TIDAK TERDETEKSI*"") > 0, ""TIDAK TERDETEKSI"", IF(COUNTIF(L26:T26, ""*TIDAK AKTIF*"") > 0, ""TIDAK AKTIF"", IF(COUNTIF(L26:T26, ""*BELUM TERPASANG*"") > 0, ""BELUM TERPASAN"&"G"", ""TIDAK AKTIF""))) ) )"),"TIDAK AKTIF") -> TIDAK AKTIF | V26: PLN | W26: 5400 | X26: SMKN 6 & SMAN 5 BERAU | Y26: 638250
A27: =A26+1 -> 25 | B27: BERAU | C27: GUNUNG TABUR | D27: SAMBURAKAT | E27: KANTOR DESA | F27: 2.1752313283484317 | G27: 117.54850596824551 | H27: TELKOM | I27: WMS | J27: Bandwidth 50Mbps | K27: TERPASANG | U27: =IFERROR(__xludf.DUMMYFUNCTION("LET( angka_murni, ARRAYFORMULA(IFERROR(VALUE(REGEXREPLACE(L27:T27, ""[^0-9]"", """")), 0)), rata, IFERROR(AVERAGEIF(angka_murni, "">0""), 0), IF(rata > 0, IF(rata > 500, ""SANGAT OPTIMAL"", IF(rata > 200, ""OPTIMAL"", IF(rata > 100, "&"""KURANG OPTIMAL"", ""TIDAK OPTIMAL""))), IF(COUNTIF(L27:T27, ""*TIDAK TERDETEKSI*"") > 0, ""TIDAK TERDETEKSI"", IF(COUNTIF(L27:T27, ""*TIDAK AKTIF*"") > 0, ""TIDAK AKTIF"", IF(COUNTIF(L27:T27, ""*BELUM TERPASANG*"") > 0, ""BELUM TERPASAN"&"G"", ""TIDAK AKTIF""))) ) )"),"TIDAK AKTIF") -> TIDAK AKTIF | V27: PLN | W27: 1832 | X27: SMKN 6 & SMAN 5 BERAU | Y27: 638250
A28: =A27+1 -> 26 | B28: BERAU | C28: GUNUNG TABUR | D28: SAMBAKUNGAN | E28: KANTOR DESA | F28: 2.21464690198614 | G28: 117.59864440813938 | H28: TELKOM | I28: WMS | J28: Bandwidth 50Mbps | K28: TERPASANG | U28: =IFERROR(__xludf.DUMMYFUNCTION("LET( angka_murni, ARRAYFORMULA(IFERROR(VALUE(REGEXREPLACE(L28:T28, ""[^0-9]"", """")), 0)), rata, IFERROR(AVERAGEIF(angka_murni, "">0""), 0), IF(rata > 0, IF(rata > 500, ""SANGAT OPTIMAL"", IF(rata > 200, ""OPTIMAL"", IF(rata > 100, "&"""KURANG OPTIMAL"", ""TIDAK OPTIMAL""))), IF(COUNTIF(L28:T28, ""*TIDAK TERDETEKSI*"") > 0, ""TIDAK TERDETEKSI"", IF(COUNTIF(L28:T28, ""*TIDAK AKTIF*"") > 0, ""TIDAK AKTIF"", IF(COUNTIF(L28:T28, ""*BELUM TERPASANG*"") > 0, ""BELUM TERPASAN"&"G"", ""TIDAK AKTIF""))) ) )"),"TIDAK AKTIF") -> TIDAK AKTIF | V28: PLN | W28: 2635 | X28: SMKN 6 & SMAN 5 BERAU | Y28: 638250
A29: =A28+1 -> 27 | B29: BERAU | C29: GUNUNG TABUR | D29: MERANCANG ULU | E29: KANTOR DESA | F29: 2.2055231147736314 | G29: 117.66521933715202 | H29: TELKOM | I29: WMS | J29: Bandwidth 50Mbps | K29: TERPASANG | U29: =IFERROR(__xludf.DUMMYFUNCTION("LET( angka_murni, ARRAYFORMULA(IFERROR(VALUE(REGEXREPLACE(L29:T29, ""[^0-9]"", """")), 0)), rata, IFERROR(AVERAGEIF(angka_murni, "">0""), 0), IF(rata > 0, IF(rata > 500, ""SANGAT OPTIMAL"", IF(rata > 200, ""OPTIMAL"", IF(rata > 100, "&"""KURANG OPTIMAL"", ""TIDAK OPTIMAL""))), IF(COUNTIF(L29:T29, ""*TIDAK TERDETEKSI*"") > 0, ""TIDAK TERDETEKSI"", IF(COUNTIF(L29:T29, ""*TIDAK AKTIF*"") > 0, ""TIDAK AKTIF"", IF(COUNTIF(L29:T29, ""*BELUM TERPASANG*"") > 0, ""BELUM TERPASAN"&"G"", ""TIDAK AKTIF""))) ) )"),"TIDAK AKTIF") -> TIDAK AKTIF | V29: PLN | W29: 2006 | X29: SMKN 6 & SMAN 5 BERAU | Y29: 638250
A30: =A29+1 -> 28 | B30: BERAU | C30: GUNUNG TABUR | D30: MERANCANG ILIR | E30: KANTOR DESA | F30: 2.2077451652035602 | G30: 117.67821572730058 | H30: COMTELINDO | I30: WMS | J30: Bandwidth 30Mbps | K30: TERPASANG | L30: TIDAK TERDETEKSI | M30: TIDAK TERDETEKSI | N30: <= 150GB | O30: <=1000GB | P30: <= 500GB | Q30: <= 50GB | R30: <= 1GB | U30: =IFERROR(__xludf.DUMMYFUNCTION("LET( angka_murni, ARRAYFORMULA(IFERROR(VALUE(REGEXREPLACE(L30:T30, ""[^0-9]"", """")), 0)), rata, IFERROR(AVERAGEIF(angka_murni, "">0""), 0), IF(rata > 0, IF(rata > 500, ""SANGAT OPTIMAL"", IF(rata > 200, ""OPTIMAL"", IF(rata > 100, "&"""KURANG OPTIMAL"", ""TIDAK OPTIMAL""))), IF(COUNTIF(L30:T30, ""*TIDAK TERDETEKSI*"") > 0, ""TIDAK TERDETEKSI"", IF(COUNTIF(L30:T30, ""*TIDAK AKTIF*"") > 0, ""TIDAK AKTIF"", IF(COUNTIF(L30:T30, ""*BELUM TERPASANG*"") > 0, ""BELUM TERPASAN"&"G"", ""TIDAK AKTIF""))) ) )"),"OPTIMAL") -> OPTIMAL | V30: PLN | W30: 1780 | X30: SMKN 6 & SMAN 5 BERAU | Y30: 1665000
A31: =A30+1 -> 29 | B31: BERAU | C31: GUNUNG TABUR | D31: PULAU BESING | E31: KANTOR DESA | F31: 2.196157985452608 | G31: 117.66001871418263 | H31: COMTELINDO | I31: WMS | J31: Bandwidth 30Mbps | K31: TERPASANG | L31: >1000GB | M31: >1000GB | N31: >1000GB | O31: <=1000GB | P31: >1000GB | Q31: >1000GB | R31: >1000GB | U31: =IFERROR(__xludf.DUMMYFUNCTION("LET( angka_murni, ARRAYFORMULA(IFERROR(VALUE(REGEXREPLACE(L31:T31, ""[^0-9]"", """")), 0)), rata, IFERROR(AVERAGEIF(angka_murni, "">0""), 0), IF(rata > 0, IF(rata > 500, ""SANGAT OPTIMAL"", IF(rata > 200, ""OPTIMAL"", IF(rata > 100, "&"""KURANG OPTIMAL"", ""TIDAK OPTIMAL""))), IF(COUNTIF(L31:T31, ""*TIDAK TERDETEKSI*"") > 0, ""TIDAK TERDETEKSI"", IF(COUNTIF(L31:T31, ""*TIDAK AKTIF*"") > 0, ""TIDAK AKTIF"", IF(COUNTIF(L31:T31, ""*BELUM TERPASANG*"") > 0, ""BELUM TERPASAN"&"G"", ""TIDAK AKTIF""))) ) )"),"SANGAT OPTIMAL") -> SANGAT OPTIMAL | V31: PLN | W31: 350 | X31: SMKN 6 & SMAN 5 BERAU | Y31: 1665000
A32: =A31+1 -> 30 | B32: BERAU | C32: GUNUNG TABUR | D32: MELATI JAYA | E32: KANTOR DESA | F32: 2.310769889243056 | G32: 117.67866987853196 | H32: TELKOMSEL | I32: ORBIT | J32: Kuota 400Gb | K32: TERPASANG | N32: <= 500GB | O32: <= 500GB | P32: <= 500GB | Q32: <= 500GB | R32: <= 500GB | U32: =IFERROR(__xludf.DUMMYFUNCTION("LET( angka_murni, ARRAYFORMULA(IFERROR(VALUE(REGEXREPLACE(L32:T32, ""[^0-9]"", """")), 0)), rata, IFERROR(AVERAGEIF(angka_murni, "">0""), 0), IF(rata > 0, IF(rata > 500, ""SANGAT OPTIMAL"", IF(rata > 200, ""OPTIMAL"", IF(rata > 100, "&"""KURANG OPTIMAL"", ""TIDAK OPTIMAL""))), IF(COUNTIF(L32:T32, ""*TIDAK TERDETEKSI*"") > 0, ""TIDAK TERDETEKSI"", IF(COUNTIF(L32:T32, ""*TIDAK AKTIF*"") > 0, ""TIDAK AKTIF"", IF(COUNTIF(L32:T32, ""*BELUM TERPASANG*"") > 0, ""BELUM TERPASAN"&"G"", ""TIDAK AKTIF""))) ) )"),"OPTIMAL") -> OPTIMAL | V32: PLN | W32: 1903 | X32: SMKN 6 & SMAN 5 BERAU | Y32: 768950
A33: =A32+1 -> 31 | B33: BERAU | C33: GUNUNG TABUR | D33: BATU-BATU | E33: TUGU KAMPUNG BATU-BATU | F33: 2.190497 | G33: 117.726881 | H33: BESTCAMP | I33: STARLINK | J33: Kuota FUP 100GB | K33: TERPASANG | L33: >1000GB | M33: >1000GB | N33: >1000GB | O33: <= 500GB | P33: <= 500GB | Q33: <= 500GB | U33: =IFERROR(__xludf.DUMMYFUNCTION("LET( angka_murni, ARRAYFORMULA(IFERROR(VALUE(REGEXREPLACE(L33:T33, ""[^0-9]"", """")), 0)), rata, IFERROR(AVERAGEIF(angka_murni, "">0""), 0), IF(rata > 0, IF(rata > 500, ""SANGAT OPTIMAL"", IF(rata > 200, ""OPTIMAL"", IF(rata > 100, "&"""KURANG OPTIMAL"", ""TIDAK OPTIMAL""))), IF(COUNTIF(L33:T33, ""*TIDAK TERDETEKSI*"") > 0, ""TIDAK TERDETEKSI"", IF(COUNTIF(L33:T33, ""*TIDAK AKTIF*"") > 0, ""TIDAK AKTIF"", IF(COUNTIF(L33:T33, ""*BELUM TERPASANG*"") > 0, ""BELUM TERPASAN"&"G"", ""TIDAK AKTIF""))) ) )"),"SANGAT OPTIMAL") -> SANGAT OPTIMAL | V33: PLN | W33: 755 | X33: SMKN 6 & SMAN 5 BERAU | Y33: 2553000
A34: =A33+1 -> 32 | B34: BERAU | C34: KELAY | D34: MERABU | E34: KANTOR DESA | F34: 1.5059370720888037 | G34: 117.27349770574065 | H34: COMTELINDO | I34: WMS | J34: Bandwidth 30Mbps | K34: TERPASANG | L34: <=1000GB | M34: <=1000GB | N34: <=1000GB | O34: >1000GB | P34: <=1000GB | Q34: >1000GB | R34: >1000GB | U34: =IFERROR(__xludf.DUMMYFUNCTION("LET( angka_murni, ARRAYFORMULA(IFERROR(VALUE(REGEXREPLACE(L34:T34, ""[^0-9]"", """")), 0)), rata, IFERROR(AVERAGEIF(angka_murni, "">0""), 0), IF(rata > 0, IF(rata > 500, ""SANGAT OPTIMAL"", IF(rata > 200, ""OPTIMAL"", IF(rata > 100, "&"""KURANG OPTIMAL"", ""TIDAK OPTIMAL""))), IF(COUNTIF(L34:T34, ""*TIDAK TERDETEKSI*"") > 0, ""TIDAK TERDETEKSI"", IF(COUNTIF(L34:T34, ""*TIDAK AKTIF*"") > 0, ""TIDAK AKTIF"", IF(COUNTIF(L34:T34, ""*BELUM TERPASANG*"") > 0, ""BELUM TERPASAN"&"G"", ""TIDAK AKTIF""))) ) )"),"SANGAT OPTIMAL") -> SANGAT OPTIMAL | V34: Non PLN : WILUS PLTS TERPUSAT | W34: 349 | X34: SMKN 4 BERAU | Y34: 1665000
A35: =A34+1 -> 33 | B35: BERAU | C35: KELAY | D35: PANAAN | E35: KANTOR DESA | F35: 1.5755555460826707 | G35: 117.30576330763839 | H35: COMTELINDO | I35: WMS | J35: Bandwidth 30Mbps | K35: TERPASANG | L35: TIDAK TERDETEKSI | M35: TIDAK TERDETEKSI | N35: <= 100GB | O35: <= 50GB | P35: <= 50GB | Q35: <= 1GB | R35: <= 10GB | U35: =IFERROR(__xludf.DUMMYFUNCTION("LET( angka_murni, ARRAYFORMULA(IFERROR(VALUE(REGEXREPLACE(L35:T35, ""[^0-9]"", """")), 0)), rata, IFERROR(AVERAGEIF(angka_murni, "">0""), 0), IF(rata > 0, IF(rata > 500, ""SANGAT OPTIMAL"", IF(rata > 200, ""OPTIMAL"", IF(rata > 100, "&"""KURANG OPTIMAL"", ""TIDAK OPTIMAL""))), IF(COUNTIF(L35:T35, ""*TIDAK TERDETEKSI*"") > 0, ""TIDAK TERDETEKSI"", IF(COUNTIF(L35:T35, ""*TIDAK AKTIF*"") > 0, ""TIDAK AKTIF"", IF(COUNTIF(L35:T35, ""*BELUM TERPASANG*"") > 0, ""BELUM TERPASAN"&"G"", ""TIDAK AKTIF""))) ) )"),"TIDAK OPTIMAL") -> TIDAK OPTIMAL | V35: Non PLN : Genset Desa/kampung,PLTS SHS | W35: 260 | X35: SMKN 4 BERAU | Y35: 1665000 | Z35: https://panaan-berau.desa.id/informasi_publik
A36: =A35+1 -> 34 | B36: BERAU | C36: KELAY | D36: MERAPUN | E36: KANTOR DESA | F36: 1.4572588294024136 | G36: 117.12644980952493 | H36: COMTELINDO | I36: WMS | J36: Bandwidth 30Mbps | K36: TERPASANG | L36: TIDAK TERDETEKSI | M36: <= 500GB | N36: >1000GB | O36: >1000GB | P36: >1000GB | Q36: >1000GB | R36: >1000GB | U36: =IFERROR(__xludf.DUMMYFUNCTION("LET( angka_murni, ARRAYFORMULA(IFERROR(VALUE(REGEXREPLACE(L36:T36, ""[^0-9]"", """")), 0)), rata, IFERROR(AVERAGEIF(angka_murni, "">0""), 0), IF(rata > 0, IF(rata > 500, ""SANGAT OPTIMAL"", IF(rata > 200, ""OPTIMAL"", IF(rata > 100, "&"""KURANG OPTIMAL"", ""TIDAK OPTIMAL""))), IF(COUNTIF(L36:T36, ""*TIDAK TERDETEKSI*"") > 0, ""TIDAK TERDETEKSI"", IF(COUNTIF(L36:T36, ""*TIDAK AKTIF*"") > 0, ""TIDAK AKTIF"", IF(COUNTIF(L36:T36, ""*BELUM TERPASANG*"") > 0, ""BELUM TERPASAN"&"G"", ""TIDAK AKTIF""))) ) )"),"SANGAT OPTIMAL") -> SANGAT OPTIMAL | V36: Non PLN : Genset Desa/kampung,PLTS SHS | W36: 2644 | X36: SMKN 4 BERAU | Y36: 1665000 | Z36: https://merapun-berau.desa.id/
A37: =A36+1 -> 35 | B37: BERAU | C37: KELAY | D37: MUARA LESAN | E37: KANTOR DESA | F37: 1.708500 | G37: 117.172200 | H37: BESTCAMP | I37: STARLINK | J37: Kuota FUP 100GB | K37: TERPASANG | L37: <= 50GB | M37: <= 500GB | N37: 0GB | O37: 0GB | P37: 0GB | U37: =IFERROR(__xludf.DUMMYFUNCTION("LET( angka_murni, ARRAYFORMULA(IFERROR(VALUE(REGEXREPLACE(L37:T37, ""[^0-9]"", """")), 0)), rata, IFERROR(AVERAGEIF(angka_murni, "">0""), 0), IF(rata > 0, IF(rata > 500, ""SANGAT OPTIMAL"", IF(rata > 200, ""OPTIMAL"", IF(rata > 100, "&"""KURANG OPTIMAL"", ""TIDAK OPTIMAL""))), IF(COUNTIF(L37:T37, ""*TIDAK TERDETEKSI*"") > 0, ""TIDAK TERDETEKSI"", IF(COUNTIF(L37:T37, ""*TIDAK AKTIF*"") > 0, ""TIDAK AKTIF"", IF(COUNTIF(L37:T37, ""*BELUM TERPASANG*"") > 0, ""BELUM TERPASAN"&"G"", ""TIDAK AKTIF""))) ) )"),"OPTIMAL") -> OPTIMAL | V37: Non PLN : Genset Desa/kampung,PLTS SHS | W37: 593 | X37: SMKN 4 BERAU | Y37: 2553000 | Z37: https://www.muaralesan-berau.desa.id/
A38: =A37+1 -> 36 | B38: BERAU | C38: KELAY | D38: MERASA | E38: KANTOR DESA | F38: 1.8097161662037253 | G38: 117.2386936813596 | H38: TELKOMSEL | I38: ORBIT | J38: Kuota 400Gb | K38: TERPASANG | N38: <= 100GB | O38: <= 100GB | P38: <= 100GB | Q38: <= 150GB | R38: <= 150GB | U38: =IFERROR(__xludf.DUMMYFUNCTION("LET( angka_murni, ARRAYFORMULA(IFERROR(VALUE(REGEXREPLACE(L38:T38, ""[^0-9]"", """")), 0)), rata, IFERROR(AVERAGEIF(angka_murni, "">0""), 0), IF(rata > 0, IF(rata > 500, ""SANGAT OPTIMAL"", IF(rata > 200, ""OPTIMAL"", IF(rata > 100, "&"""KURANG OPTIMAL"", ""TIDAK OPTIMAL""))), IF(COUNTIF(L38:T38, ""*TIDAK TERDETEKSI*"") > 0, ""TIDAK TERDETEKSI"", IF(COUNTIF(L38:T38, ""*TIDAK AKTIF*"") > 0, ""TIDAK AKTIF"", IF(COUNTIF(L38:T38, ""*BELUM TERPASANG*"") > 0, ""BELUM TERPASAN"&"G"", ""TIDAK AKTIF""))) ) )"),"KURANG OPTIMAL") -> KURANG OPTIMAL | V38: PLN | W38: 1104 | X38: SMKN 4 BERAU | Y38: 768950 | Z38: https://merasa-berau.desa.id/
A39: =A38+1 -> 37 | B39: BERAU | C39: KELAY | D39: LESAN DAYAK | E39: KANTOR DESA | F39: 1.6132229842246952 | G39: 117.1493566892495 | H39: COMTELINDO | I39: WMS | J39: Bandwidth 30Mbps | K39: TERPASANG | L39: <= 500GB | M39: <= 500GB | N39: <= 200GB | O39: <= 50GB | P39: <= 1GB | Q39: <= 500GB | R39: <=1000GB | U39: =IFERROR(__xludf.DUMMYFUNCTION("LET( angka_murni, ARRAYFORMULA(IFERROR(VALUE(REGEXREPLACE(L39:T39, ""[^0-9]"", """")), 0)), rata, IFERROR(AVERAGEIF(angka_murni, "">0""), 0), IF(rata > 0, IF(rata > 500, ""SANGAT OPTIMAL"", IF(rata > 200, ""OPTIMAL"", IF(rata > 100, "&"""KURANG OPTIMAL"", ""TIDAK OPTIMAL""))), IF(COUNTIF(L39:T39, ""*TIDAK TERDETEKSI*"") > 0, ""TIDAK TERDETEKSI"", IF(COUNTIF(L39:T39, ""*TIDAK AKTIF*"") > 0, ""TIDAK AKTIF"", IF(COUNTIF(L39:T39, ""*BELUM TERPASANG*"") > 0, ""BELUM TERPASAN"&"G"", ""TIDAK AKTIF""))) ) )"),"OPTIMAL") -> OPTIMAL | V39: Non PLN : Genset Desa/kampung,PLTS SHS | W39: 249 | X39: SMKN 4 BERAU | Y39: 1665000 | Z39: https://lesandayak-berau.desa.id/
A40: =A39+1 -> 38 | B40: BERAU | C40: KELAY | D40: LONG BELIU | E40: SD 001 LONG BELIU | F40: 1.715464 | G40: 117.061552 | H40: BESTCAMP | I40: STARLINK | J40: Kuota FUP 100GB | K40: TERPASANG | L40: <=1000GB | M40: <= 500GB | N40: <= 500GB | O40: <= 200GB | P40: <= 150GB | Q40: <= 100GB | U40: =IFERROR(__xludf.DUMMYFUNCTION("LET( angka_murni, ARRAYFORMULA(IFERROR(VALUE(REGEXREPLACE(L40:T40, ""[^0-9]"", """")), 0)), rata, IFERROR(AVERAGEIF(angka_murni, "">0""), 0), IF(rata > 0, IF(rata > 500, ""SANGAT OPTIMAL"", IF(rata > 200, ""OPTIMAL"", IF(rata > 100, "&"""KURANG OPTIMAL"", ""TIDAK OPTIMAL""))), IF(COUNTIF(L40:T40, ""*TIDAK TERDETEKSI*"") > 0, ""TIDAK TERDETEKSI"", IF(COUNTIF(L40:T40, ""*TIDAK AKTIF*"") > 0, ""TIDAK AKTIF"", IF(COUNTIF(L40:T40, ""*BELUM TERPASANG*"") > 0, ""BELUM TERPASAN"&"G"", ""TIDAK AKTIF""))) ) )"),"OPTIMAL") -> OPTIMAL | V40: Non PLN : WILUS PLTS TERPUSAT | W40: 930 | X40: SMKN 4 BERAU | Y40: 2553000 | Z40: https://www.longbeliu-berau.desa.id/
A41: =A40+1 -> 39 | B41: BERAU | C41: KELAY | D41: LONG DUHUNG | E41: KANTOR DESA | F41: 1.8540528929313205 | G41: 116.9542680208929 | L41: BELUM TERPASANG | M41: BELUM TERPASANG | N41: BELUM TERPASANG | O41: BELUM TERPASANG | P41: BELUM TERPASANG | U41: =IFERROR(__xludf.DUMMYFUNCTION("LET( angka_murni, ARRAYFORMULA(IFERROR(VALUE(REGEXREPLACE(L41:T41, ""[^0-9]"", """")), 0)), rata, IFERROR(AVERAGEIF(angka_murni, "">0""), 0), IF(rata > 0, IF(rata > 500, ""SANGAT OPTIMAL"", IF(rata > 200, ""OPTIMAL"", IF(rata > 100, "&"""KURANG OPTIMAL"", ""TIDAK OPTIMAL""))), IF(COUNTIF(L41:T41, ""*TIDAK TERDETEKSI*"") > 0, ""TIDAK TERDETEKSI"", IF(COUNTIF(L41:T41, ""*TIDAK AKTIF*"") > 0, ""TIDAK AKTIF"", IF(COUNTIF(L41:T41, ""*BELUM TERPASANG*"") > 0, ""BELUM TERPASAN"&"G"", ""TIDAK AKTIF""))) ) )"),"BELUM TERPASANG") -> BELUM TERPASANG | V41: Non PLN : PLTS TERPUSAT ESDM 2022 | W41: 140 | X41: SMKN 4 BERAU | Z41: https://longduhung-berau.desa.id/
A42: =A41+1 -> 40 | B42: BERAU | C42: KELAY | D42: LONG LAMCIN | E42: KANTOR DESA | F42: 1.8235248001715347 | G42: 116.57737965429632 | H42: COMTELINDO | I42: WMS | J42: Bandwidth 30Mbps | K42: TERPASANG | L42: >1000GB | M42: >1000GB | N42: <=1000GB | O42: >1000GB | P42: >1000GB | Q42: <=1000GB | R42: <= 1GB | U42: =IFERROR(__xludf.DUMMYFUNCTION("LET( angka_murni, ARRAYFORMULA(IFERROR(VALUE(REGEXREPLACE(L42:T42, ""[^0-9]"", """")), 0)), rata, IFERROR(AVERAGEIF(angka_murni, "">0""), 0), IF(rata > 0, IF(rata > 500, ""SANGAT OPTIMAL"", IF(rata > 200, ""OPTIMAL"", IF(rata > 100, "&"""KURANG OPTIMAL"", ""TIDAK OPTIMAL""))), IF(COUNTIF(L42:T42, ""*TIDAK TERDETEKSI*"") > 0, ""TIDAK TERDETEKSI"", IF(COUNTIF(L42:T42, ""*TIDAK AKTIF*"") > 0, ""TIDAK AKTIF"", IF(COUNTIF(L42:T42, ""*BELUM TERPASANG*"") > 0, ""BELUM TERPASAN"&"G"", ""TIDAK AKTIF""))) ) )"),"SANGAT OPTIMAL") -> SANGAT OPTIMAL | V42: Non PLN : PLTS TERPUSAT ESDM 2021 | W42: 138 | X42: SMKN 4 BERAU | Y42: 1665000 | Z42: https://longlamcin-berau.desa.id/
A43: =A42+1 -> 41 | B43: BERAU | C43: KELAY | D43: LONG KELUH | E43: KANTOR DESA | F43: 1.8380224022560088 | G43: 116.86963311457009 | H43: COMTELINDO | I43: WMS | J43: Bandwidth 30Mbps | K43: TERPASANG | L43: <= 200GB | M43: <= 150GB | N43: <= 100GB | O43: <= 200GB | P43: <= 150GB | Q43: <= 150GB | R43: <= 100GB | U43: =IFERROR(__xludf.DUMMYFUNCTION("LET( angka_murni, ARRAYFORMULA(IFERROR(VALUE(REGEXREPLACE(L43:T43, ""[^0-9]"", """")), 0)), rata, IFERROR(AVERAGEIF(angka_murni, "">0""), 0), IF(rata > 0, IF(rata > 500, ""SANGAT OPTIMAL"", IF(rata > 200, ""OPTIMAL"", IF(rata > 100, "&"""KURANG OPTIMAL"", ""TIDAK OPTIMAL""))), IF(COUNTIF(L43:T43, ""*TIDAK TERDETEKSI*"") > 0, ""TIDAK TERDETEKSI"", IF(COUNTIF(L43:T43, ""*TIDAK AKTIF*"") > 0, ""TIDAK AKTIF"", IF(COUNTIF(L43:T43, ""*BELUM TERPASANG*"") > 0, ""BELUM TERPASAN"&"G"", ""TIDAK AKTIF""))) ) )"),"KURANG OPTIMAL") -> KURANG OPTIMAL | V43: Non PLN : Genset Desa/kampung,PLTS SHS | W43: 214 | X43: SMKN 4 BERAU | Y43: 1665000 | Z43: https://www.longkeluh-berau.desa.id/
A44: =A43+1 -> 42 | B44: BERAU | C44: KELAY | D44: LONG PELAY | E44: RUMAH SEKDES | F44: 1.933708 | G44: 116.696689 | H44: BESTCAMP | I44: STARLINK | J44: Kuota FUP 100GB | K44: TERPASANG | L44: <= 500GB | M44: <= 150GB | N44: <= 100GB | O44: 0GB | P44: <= 150GB | Q44: <= 150GB | U44: =IFERROR(__xludf.DUMMYFUNCTION("LET( angka_murni, ARRAYFORMULA(IFERROR(VALUE(REGEXREPLACE(L44:T44, ""[^0-9]"", """")), 0)), rata, IFERROR(AVERAGEIF(angka_murni, "">0""), 0), IF(rata > 0, IF(rata > 500, ""SANGAT OPTIMAL"", IF(rata > 200, ""OPTIMAL"", IF(rata > 100, "&"""KURANG OPTIMAL"", ""TIDAK OPTIMAL""))), IF(COUNTIF(L44:T44, ""*TIDAK TERDETEKSI*"") > 0, ""TIDAK TERDETEKSI"", IF(COUNTIF(L44:T44, ""*TIDAK AKTIF*"") > 0, ""TIDAK AKTIF"", IF(COUNTIF(L44:T44, ""*BELUM TERPASANG*"") > 0, ""BELUM TERPASAN"&"G"", ""TIDAK AKTIF""))) ) )"),"OPTIMAL") -> OPTIMAL | V44: Non PLN : Genset Desa/kampung,PLTS SHS | W44: 136 | X44: SMKN 4 BERAU | Y44: 2553000 | Z44: https://www.longpelay-berau.desa.id/
A45: =A44+1 -> 43 | B45: BERAU | C45: KELAY | D45: MAPULU | E45: KANTOR DESA | F45: 1.6123031940272745 | G45: 117.33778683724711 | H45: COMTELINDO | I45: WMS | J45: Bandwidth 30Mbps | K45: TERPASANG | L45: >1000GB | M45: >1000GB | N45: >1000GB | O45: >1000GB | P45: >1000GB | Q45: >1000GB | R45: 0GB | U45: =IFERROR(__xludf.DUMMYFUNCTION("LET( angka_murni, ARRAYFORMULA(IFERROR(VALUE(REGEXREPLACE(L45:T45, ""[^0-9]"", """")), 0)), rata, IFERROR(AVERAGEIF(angka_murni, "">0""), 0), IF(rata > 0, IF(rata > 500, ""SANGAT OPTIMAL"", IF(rata > 200, ""OPTIMAL"", IF(rata > 100, "&"""KURANG OPTIMAL"", ""TIDAK OPTIMAL""))), IF(COUNTIF(L45:T45, ""*TIDAK TERDETEKSI*"") > 0, ""TIDAK TERDETEKSI"", IF(COUNTIF(L45:T45, ""*TIDAK AKTIF*"") > 0, ""TIDAK AKTIF"", IF(COUNTIF(L45:T45, ""*BELUM TERPASANG*"") > 0, ""BELUM TERPASAN"&"G"", ""TIDAK AKTIF""))) ) )"),"SANGAT OPTIMAL") -> SANGAT OPTIMAL | V45: Non PLN : PLTS TERPUSAT ESDM 2014/2016 | W45: 106 | X45: SMKN 4 BERAU | Y45: 1665000 | Z45: https://mapulu-berau.desa.id/
A46: =A45+1 -> 44 | B46: BERAU | C46: KELAY | D46: LONG SULUI | E46: KANTOR DESA | F46: 1.9792056058038743 | G46: 116.53299217088261 | H46: COMTELINDO | I46: WMS | J46: Bandwidth 30Mbps | K46: TERPASANG | L46: <=1000GB | M46: <= 500GB | N46: <=1000GB | O46: <=1000GB | P46: <= 500GB | Q46: <= 100GB | R46: <= 150GB | U46: =IFERROR(__xludf.DUMMYFUNCTION("LET( angka_murni, ARRAYFORMULA(IFERROR(VALUE(REGEXREPLACE(L46:T46, ""[^0-9]"", """")), 0)), rata, IFERROR(AVERAGEIF(angka_murni, "">0""), 0), IF(rata > 0, IF(rata > 500, ""SANGAT OPTIMAL"", IF(rata > 200, ""OPTIMAL"", IF(rata > 100, "&"""KURANG OPTIMAL"", ""TIDAK OPTIMAL""))), IF(COUNTIF(L46:T46, ""*TIDAK TERDETEKSI*"") > 0, ""TIDAK TERDETEKSI"", IF(COUNTIF(L46:T46, ""*TIDAK AKTIF*"") > 0, ""TIDAK AKTIF"", IF(COUNTIF(L46:T46, ""*BELUM TERPASANG*"") > 0, ""BELUM TERPASAN"&"G"", ""TIDAK AKTIF""))) ) )"),"SANGAT OPTIMAL") -> SANGAT OPTIMAL | V46: Non PLN : PLTS TERPUSAT ESDM 2014/2016 | W46: 429 | X46: SMKN 4 BERAU | Y46: 1665000 | Z46: https://longsuluy-berau.desa.id/
A47: =A46+1 -> 45 | B47: BERAU | C47: KELAY | D47: SIDO BANGEN | E47: KANTOR DESA | F47: 1.6837199251098383 | G47: 117.07768268089117 | H47: TELKOMSEL | I47: ORBIT | J47: Kuota 400Gb | K47: TERPASANG | N47: <= 150GB | O47: <= 150GB | P47: <= 150GB | Q47: <= 150GB | R47: <= 150GB | U47: =IFERROR(__xludf.DUMMYFUNCTION("LET( angka_murni, ARRAYFORMULA(IFERROR(VALUE(REGEXREPLACE(L47:T47, ""[^0-9]"", """")), 0)), rata, IFERROR(AVERAGEIF(angka_murni, "">0""), 0), IF(rata > 0, IF(rata > 500, ""SANGAT OPTIMAL"", IF(rata > 200, ""OPTIMAL"", IF(rata > 100, "&"""KURANG OPTIMAL"", ""TIDAK OPTIMAL""))), IF(COUNTIF(L47:T47, ""*TIDAK TERDETEKSI*"") > 0, ""TIDAK TERDETEKSI"", IF(COUNTIF(L47:T47, ""*TIDAK AKTIF*"") > 0, ""TIDAK AKTIF"", IF(COUNTIF(L47:T47, ""*BELUM TERPASANG*"") > 0, ""BELUM TERPASAN"&"G"", ""TIDAK AKTIF""))) ) )"),"KURANG OPTIMAL") -> KURANG OPTIMAL | V47: PLN | W47: 830 | X47: SMKN 4 BERAU | Y47: 768950 | Z47: https://sidobangen-berau.desa.id/
A48: =A47+1 -> 46 | B48: BERAU | C48: MARATUA | D48: BOHE SILIAN | E48: RUMAH KAUR KEUANGAN | F48: 2.184867 | G48: 118.629255 | H48: BESTCAMP | I48: STARLINK | J48: Kuota FUP 100GB | K48: TERPASANG | L48: >1000GB | M48: >1000GB | N48: >1000GB | O48: <= 500GB | P48: <= 500GB | Q48: <= 500GB | U48: =IFERROR(__xludf.DUMMYFUNCTION("LET( angka_murni, ARRAYFORMULA(IFERROR(VALUE(REGEXREPLACE(L48:T48, ""[^0-9]"", """")), 0)), rata, IFERROR(AVERAGEIF(angka_murni, "">0""), 0), IF(rata > 0, IF(rata > 500, ""SANGAT OPTIMAL"", IF(rata > 200, ""OPTIMAL"", IF(rata > 100, "&"""KURANG OPTIMAL"", ""TIDAK OPTIMAL""))), IF(COUNTIF(L48:T48, ""*TIDAK TERDETEKSI*"") > 0, ""TIDAK TERDETEKSI"", IF(COUNTIF(L48:T48, ""*TIDAK AKTIF*"") > 0, ""TIDAK AKTIF"", IF(COUNTIF(L48:T48, ""*BELUM TERPASANG*"") > 0, ""BELUM TERPASAN"&"G"", ""TIDAK AKTIF""))) ) )"),"SANGAT OPTIMAL") -> SANGAT OPTIMAL | V48: PLN | W48: 1178 | X48: SMAN 9 BERAU | Y48: 2553000 | Z48: https://bohesilian.digitaldesa.id/
A49: =A48+1 -> 47 | B49: BERAU | C49: MARATUA | D49: PAYUNG-PAYUNG | E49: KANTOR DESA | F49: 2.1957777536222016 | G49: 118.5974885708768 | H49: TELKOMSEL | I49: ORBIT | J49: Kuota 400Gb | K49: TERPASANG | N49: 0GB | O49: 0GB | P49: 0GB | Q49: 0GB | R49: 0GB | U49: =IFERROR(__xludf.DUMMYFUNCTION("LET( angka_murni, ARRAYFORMULA(IFERROR(VALUE(REGEXREPLACE(L49:T49, ""[^0-9]"", """")), 0)), rata, IFERROR(AVERAGEIF(angka_murni, "">0""), 0), IF(rata > 0, IF(rata > 500, ""SANGAT OPTIMAL"", IF(rata > 200, ""OPTIMAL"", IF(rata > 100, "&"""KURANG OPTIMAL"", ""TIDAK OPTIMAL""))), IF(COUNTIF(L49:T49, ""*TIDAK TERDETEKSI*"") > 0, ""TIDAK TERDETEKSI"", IF(COUNTIF(L49:T49, ""*TIDAK AKTIF*"") > 0, ""TIDAK AKTIF"", IF(COUNTIF(L49:T49, ""*BELUM TERPASANG*"") > 0, ""BELUM TERPASAN"&"G"", ""TIDAK AKTIF""))) ) )"),"TIDAK AKTIF") -> TIDAK AKTIF | V49: PLN | W49: 797 | X49: SMAN 9 BERAU | Y49: 768950
A50: =A49+1 -> 48 | B50: BERAU | C50: MARATUA | D50: TELUK ALULU | E50: RUMAH WARGA | F50: 2.266887830377776 | G50: 118.60609019928911 | H50: COMTELINDO | I50: WMS | J50: Bandwidth 30Mbps | K50: TERPASANG | L50: >1000GB | M50: >1000GB | N50: >1000GB | O50: >1000GB | P50: <=1000GB | Q50: <=1000GB | R50: <=1000GB | U50: =IFERROR(__xludf.DUMMYFUNCTION("LET( angka_murni, ARRAYFORMULA(IFERROR(VALUE(REGEXREPLACE(L50:T50, ""[^0-9]"", """")), 0)), rata, IFERROR(AVERAGEIF(angka_murni, "">0""), 0), IF(rata > 0, IF(rata > 500, ""SANGAT OPTIMAL"", IF(rata > 200, ""OPTIMAL"", IF(rata > 100, "&"""KURANG OPTIMAL"", ""TIDAK OPTIMAL""))), IF(COUNTIF(L50:T50, ""*TIDAK TERDETEKSI*"") > 0, ""TIDAK TERDETEKSI"", IF(COUNTIF(L50:T50, ""*TIDAK AKTIF*"") > 0, ""TIDAK AKTIF"", IF(COUNTIF(L50:T50, ""*BELUM TERPASANG*"") > 0, ""BELUM TERPASAN"&"G"", ""TIDAK AKTIF""))) ) )"),"SANGAT OPTIMAL") -> SANGAT OPTIMAL | V50: PLN | W50: 776 | X50: SMAN 9 BERAU | Y50: 1665000
A51: =A50+1 -> 49 | B51: BERAU | C51: MARATUA | D51: TELUK HARAPAN | E51: KANTOR DESA | F51: 2.2482914307667574 | G51: 118.56399702121716 | H51: TELKOMSEL | I51: ORBIT | J51: Kuota 400Gb | K51: TERPASANG | N51: 0GB | O51: 0GB | P51: 0GB | Q51: 0GB | R51: 0GB | U51: =IFERROR(__xludf.DUMMYFUNCTION("LET( angka_murni, ARRAYFORMULA(IFERROR(VALUE(REGEXREPLACE(L51:T51, ""[^0-9]"", """")), 0)), rata, IFERROR(AVERAGEIF(angka_murni, "">0""), 0), IF(rata > 0, IF(rata > 500, ""SANGAT OPTIMAL"", IF(rata > 200, ""OPTIMAL"", IF(rata > 100, "&"""KURANG OPTIMAL"", ""TIDAK OPTIMAL""))), IF(COUNTIF(L51:T51, ""*TIDAK TERDETEKSI*"") > 0, ""TIDAK TERDETEKSI"", IF(COUNTIF(L51:T51, ""*TIDAK AKTIF*"") > 0, ""TIDAK AKTIF"", IF(COUNTIF(L51:T51, ""*BELUM TERPASANG*"") > 0, ""BELUM TERPASAN"&"G"", ""TIDAK AKTIF""))) ) )"),"TIDAK AKTIF") -> TIDAK AKTIF | V51: PLN | W51: 1284 | X51: SMAN 9 BERAU | Y51: 768950 | Z51: https://telukharapan.id/
A52: =A51+1 -> 50 | B52: BERAU | C52: PULAU DERAWAN | D52: PEGAT BATUMBUK | E52: KANTOR DESA | F52: 2.109561581392743 | G52: 117.81717140217421 | H52: COMTELINDO | I52: WMS | J52: Bandwidth 30Mbps | K52: TERPASANG | L52: >1000GB | M52: >1000GB | N52: >1000GB | O52: >1000GB | P52: >1000GB | Q52: <=1000GB | R52: >1000GB | U52: =IFERROR(__xludf.DUMMYFUNCTION("LET( angka_murni, ARRAYFORMULA(IFERROR(VALUE(REGEXREPLACE(L52:T52, ""[^0-9]"", """")), 0)), rata, IFERROR(AVERAGEIF(angka_murni, "">0""), 0), IF(rata > 0, IF(rata > 500, ""SANGAT OPTIMAL"", IF(rata > 200, ""OPTIMAL"", IF(rata > 100, "&"""KURANG OPTIMAL"", ""TIDAK OPTIMAL""))), IF(COUNTIF(L52:T52, ""*TIDAK TERDETEKSI*"") > 0, ""TIDAK TERDETEKSI"", IF(COUNTIF(L52:T52, ""*TIDAK AKTIF*"") > 0, ""TIDAK AKTIF"", IF(COUNTIF(L52:T52, ""*BELUM TERPASANG*"") > 0, ""BELUM TERPASAN"&"G"", ""TIDAK AKTIF""))) ) )"),"SANGAT OPTIMAL") -> SANGAT OPTIMAL | V52: Non PLN : PLTS TERPUSAT ESDM 2022/2023 | W52: 959 | X52: SMKN 3 BERAU | Y52: 1665000
A53: =A52+1 -> 51 | B53: BERAU | C53: PULAU DERAWAN | D53: TELUK SEMANTING | E53: KANTOR DESA | F53: 2.187748107594705 | G53: 117.95524405907229 | H53: COMTELINDO | I53: WMS | J53: Bandwidth 30Mbps | K53: TERPASANG | L53: <=1000GB | M53: <=1000GB | N53: >1000GB | O53: >1000GB | P53: <=1000GB | Q53: <= 500GB | R53: <= 50GB | U53: =IFERROR(__xludf.DUMMYFUNCTION("LET( angka_murni, ARRAYFORMULA(IFERROR(VALUE(REGEXREPLACE(L53:T53, ""[^0-9]"", """")), 0)), rata, IFERROR(AVERAGEIF(angka_murni, "">0""), 0), IF(rata > 0, IF(rata > 500, ""SANGAT OPTIMAL"", IF(rata > 200, ""OPTIMAL"", IF(rata > 100, "&"""KURANG OPTIMAL"", ""TIDAK OPTIMAL""))), IF(COUNTIF(L53:T53, ""*TIDAK TERDETEKSI*"") > 0, ""TIDAK TERDETEKSI"", IF(COUNTIF(L53:T53, ""*TIDAK AKTIF*"") > 0, ""TIDAK AKTIF"", IF(COUNTIF(L53:T53, ""*BELUM TERPASANG*"") > 0, ""BELUM TERPASAN"&"G"", ""TIDAK AKTIF""))) ) )"),"SANGAT OPTIMAL") -> SANGAT OPTIMAL | V53: PLN | W53: 1189 | X53: SMKN 3 BERAU | Y53: 1665000
A54: =A53+1 -> 52 | B54: BERAU | C54: PULAU DERAWAN | D54: TANJUNG BATU | E54: KANTOR DESA | F54: 2.2759643557721607 | G54: 118.08743388814307 | H54: TELKOM | I54: WMS | J54: Bandwidth 50Mbps | K54: TERPASANG | U54: =IFERROR(__xludf.DUMMYFUNCTION("LET( angka_murni, ARRAYFORMULA(IFERROR(VALUE(REGEXREPLACE(L54:T54, ""[^0-9]"", """")), 0)), rata, IFERROR(AVERAGEIF(angka_murni, "">0""), 0), IF(rata > 0, IF(rata > 500, ""SANGAT OPTIMAL"", IF(rata > 200, ""OPTIMAL"", IF(rata > 100, "&"""KURANG OPTIMAL"", ""TIDAK OPTIMAL""))), IF(COUNTIF(L54:T54, ""*TIDAK TERDETEKSI*"") > 0, ""TIDAK TERDETEKSI"", IF(COUNTIF(L54:T54, ""*TIDAK AKTIF*"") > 0, ""TIDAK AKTIF"", IF(COUNTIF(L54:T54, ""*BELUM TERPASANG*"") > 0, ""BELUM TERPASAN"&"G"", ""TIDAK AKTIF""))) ) )"),"TIDAK AKTIF") -> TIDAK AKTIF | V54: PLN | W54: 7802 | X54: SMKN 3 BERAU | Y54: 638250
A55: =A54+1 -> 53 | B55: BERAU | C55: PULAU DERAWAN | D55: PULAU DERAWAN | E55: KANTOR DESA | F55: 2.2839292454228177 | G55: 118.24162940941439 | H55: TELKOM | I55: WMS | J55: Bandwidth 50Mbps | K55: TERPASANG | U55: =IFERROR(__xludf.DUMMYFUNCTION("LET( angka_murni, ARRAYFORMULA(IFERROR(VALUE(REGEXREPLACE(L55:T55, ""[^0-9]"", """")), 0)), rata, IFERROR(AVERAGEIF(angka_murni, "">0""), 0), IF(rata > 0, IF(rata > 500, ""SANGAT OPTIMAL"", IF(rata > 200, ""OPTIMAL"", IF(rata > 100, "&"""KURANG OPTIMAL"", ""TIDAK OPTIMAL""))), IF(COUNTIF(L55:T55, ""*TIDAK TERDETEKSI*"") > 0, ""TIDAK TERDETEKSI"", IF(COUNTIF(L55:T55, ""*TIDAK AKTIF*"") > 0, ""TIDAK AKTIF"", IF(COUNTIF(L55:T55, ""*BELUM TERPASANG*"") > 0, ""BELUM TERPASAN"&"G"", ""TIDAK AKTIF""))) ) )"),"TIDAK AKTIF") -> TIDAK AKTIF | V55: PLN | W55: 1665 | X55: SMKN 3 BERAU | Y55: 638250 | Z55: https://kampungpulauderawan.id/
A56: =A55+1 -> 54 | B56: BERAU | C56: PULAU DERAWAN | D56: KASAI | E56: KANTOR DESA | F56: 2.2064717360875186 | G56: 117.91785116734594 | H56: TELKOMSEL | I56: ORBIT | J56: Kuota 400Gb | K56: TERPASANG | N56: <= 500GB | O56: <= 500GB | P56: <= 500GB | Q56: <= 200GB | R56: <= 200GB | U56: =IFERROR(__xludf.DUMMYFUNCTION("LET( angka_murni, ARRAYFORMULA(IFERROR(VALUE(REGEXREPLACE(L56:T56, ""[^0-9]"", """")), 0)), rata, IFERROR(AVERAGEIF(angka_murni, "">0""), 0), IF(rata > 0, IF(rata > 500, ""SANGAT OPTIMAL"", IF(rata > 200, ""OPTIMAL"", IF(rata > 100, "&"""KURANG OPTIMAL"", ""TIDAK OPTIMAL""))), IF(COUNTIF(L56:T56, ""*TIDAK TERDETEKSI*"") > 0, ""TIDAK TERDETEKSI"", IF(COUNTIF(L56:T56, ""*TIDAK AKTIF*"") > 0, ""TIDAK AKTIF"", IF(COUNTIF(L56:T56, ""*BELUM TERPASANG*"") > 0, ""BELUM TERPASAN"&"G"", ""TIDAK AKTIF""))) ) )"),"OPTIMAL") -> OPTIMAL | V56: PLN | W56: 3582 | X56: SMKN 3 BERAU | Y56: 768950 | Z56: https://kampungkasai.com/
A57: =A56+1 -> 55 | B57: BERAU | C57: SAMBALIUNG | D57: LONG LANUK | E57: KANTOR DESA | F57: 1.9643583335074712 | G57: 117.33777180141443 | H57: TELKOMSEL | I57: ORBIT | J57: Kuota 400Gb | K57: TERPASANG | N57: <= 500GB | O57: <= 500GB | P57: <= 500GB | Q57: <= 500GB | R57: <= 500GB | U57: =IFERROR(__xludf.DUMMYFUNCTION("LET( angka_murni, ARRAYFORMULA(IFERROR(VALUE(REGEXREPLACE(L57:T57, ""[^0-9]"", """")), 0)), rata, IFERROR(AVERAGEIF(angka_murni, "">0""), 0), IF(rata > 0, IF(rata > 500, ""SANGAT OPTIMAL"", IF(rata > 200, ""OPTIMAL"", IF(rata > 100, "&"""KURANG OPTIMAL"", ""TIDAK OPTIMAL""))), IF(COUNTIF(L57:T57, ""*TIDAK TERDETEKSI*"") > 0, ""TIDAK TERDETEKSI"", IF(COUNTIF(L57:T57, ""*TIDAK AKTIF*"") > 0, ""TIDAK AKTIF"", IF(COUNTIF(L57:T57, ""*BELUM TERPASANG*"") > 0, ""BELUM TERPASAN"&"G"", ""TIDAK AKTIF""))) ) )"),"OPTIMAL") -> OPTIMAL | V57: PLN | W57: 1115 | X57: SMAN 4, SMAN 12 & SMAN 15 BERAU | Y57: 768950
A58: =A57+1 -> 56 | B58: BERAU | C58: SAMBALIUNG | D58: TUMBIT DAYAK | E58: KANTOR DESA | F58: 1.992112 | G58: 117.322373 | H58: BESTCAMP | I58: STARLINK | J58: Kuota FUP 100GB | K58: TERPASANG | L58: <= 150GB | M58: <= 200GB | N58: <= 200GB | O58: <= 150GB | P58: <= 100GB | Q58: <= 150GB | U58: =IFERROR(__xludf.DUMMYFUNCTION("LET( angka_murni, ARRAYFORMULA(IFERROR(VALUE(REGEXREPLACE(L58:T58, ""[^0-9]"", """")), 0)), rata, IFERROR(AVERAGEIF(angka_murni, "">0""), 0), IF(rata > 0, IF(rata > 500, ""SANGAT OPTIMAL"", IF(rata > 200, ""OPTIMAL"", IF(rata > 100, "&"""KURANG OPTIMAL"", ""TIDAK OPTIMAL""))), IF(COUNTIF(L58:T58, ""*TIDAK TERDETEKSI*"") > 0, ""TIDAK TERDETEKSI"", IF(COUNTIF(L58:T58, ""*TIDAK AKTIF*"") > 0, ""TIDAK AKTIF"", IF(COUNTIF(L58:T58, ""*BELUM TERPASANG*"") > 0, ""BELUM TERPASAN"&"G"", ""TIDAK AKTIF""))) ) )"),"KURANG OPTIMAL") -> KURANG OPTIMAL | V58: PLN | W58: 3808 | X58: SMAN 4, SMAN 12 & SMAN 15 BERAU | Y58: 2553000
A59: =A58+1 -> 57 | B59: BERAU | C59: SAMBALIUNG | D59: INARAN | E59: KANTOR DESA | F59: 2.03918605261871 | G59: 117.41921549859174 | H59: TELKOMSAT | I59: STARLINK | J59: Kuota FUP 2000GB | K59: TERPASANG | N59: <=1000GB | O59: <=1000GB | P59: >1000GB | U59: =IFERROR(__xludf.DUMMYFUNCTION("LET( angka_murni, ARRAYFORMULA(IFERROR(VALUE(REGEXREPLACE(L59:T59, ""[^0-9]"", """")), 0)), rata, IFERROR(AVERAGEIF(angka_murni, "">0""), 0), IF(rata > 0, IF(rata > 500, ""SANGAT OPTIMAL"", IF(rata > 200, ""OPTIMAL"", IF(rata > 100, "&"""KURANG OPTIMAL"", ""TIDAK OPTIMAL""))), IF(COUNTIF(L59:T59, ""*TIDAK TERDETEKSI*"") > 0, ""TIDAK TERDETEKSI"", IF(COUNTIF(L59:T59, ""*TIDAK AKTIF*"") > 0, ""TIDAK AKTIF"", IF(COUNTIF(L59:T59, ""*BELUM TERPASANG*"") > 0, ""BELUM TERPASAN"&"G"", ""TIDAK AKTIF""))) ) )"),"SANGAT OPTIMAL") -> SANGAT OPTIMAL | V59: PLN | W59: 584 | X59: SMAN 4, SMAN 12 & SMAN 15 BERAU | Y59: 1665000 | Z59: https://inaran.id/
A60: =A59+1 -> 58 | B60: BERAU | C60: SAMBALIUNG | D60: PEGAT BUKUR | E60: KANTOR DESA | F60: 2.034322059110328 | G60: 117.46738450711992 | H60: COMTELINDO | I60: WMS | J60: Bandwidth 30Mbps | K60: TERPASANG | L60: <= 500GB | M60: <= 500GB | N60: <=1000GB | O60: <= 500GB | P60: <= 500GB | Q60: <=1000GB | R60: >1000GB | U60: =IFERROR(__xludf.DUMMYFUNCTION("LET( angka_murni, ARRAYFORMULA(IFERROR(VALUE(REGEXREPLACE(L60:T60, ""[^0-9]"", """")), 0)), rata, IFERROR(AVERAGEIF(angka_murni, "">0""), 0), IF(rata > 0, IF(rata > 500, ""SANGAT OPTIMAL"", IF(rata > 200, ""OPTIMAL"", IF(rata > 100, "&"""KURANG OPTIMAL"", ""TIDAK OPTIMAL""))), IF(COUNTIF(L60:T60, ""*TIDAK TERDETEKSI*"") > 0, ""TIDAK TERDETEKSI"", IF(COUNTIF(L60:T60, ""*TIDAK AKTIF*"") > 0, ""TIDAK AKTIF"", IF(COUNTIF(L60:T60, ""*BELUM TERPASANG*"") > 0, ""BELUM TERPASAN"&"G"", ""TIDAK AKTIF""))) ) )"),"SANGAT OPTIMAL") -> SANGAT OPTIMAL | V60: PLN | W60: 1912 | X60: SMAN 4, SMAN 12 & SMAN 15 BERAU | Y60: 1665000 | Z60: https://kampungpegatbukur.com/
A61: =A60+1 -> 59 | B61: BERAU | C61: SAMBALIUNG | D61: RANTAU PANJANG | E61: KANTOR DESA | F61: 2.106266152543877 | G61: 117.45075007086871 | H61: TELKOMSAT | I61: STARLINK | J61: Kuota FUP 2000GB | K61: TERPASANG | N61: <= 500GB | O61: <= 500GB | P61: <= 500GB | U61: =IFERROR(__xludf.DUMMYFUNCTION("LET( angka_murni, ARRAYFORMULA(IFERROR(VALUE(REGEXREPLACE(L61:T61, ""[^0-9]"", """")), 0)), rata, IFERROR(AVERAGEIF(angka_murni, "">0""), 0), IF(rata > 0, IF(rata > 500, ""SANGAT OPTIMAL"", IF(rata > 200, ""OPTIMAL"", IF(rata > 100, "&"""KURANG OPTIMAL"", ""TIDAK OPTIMAL""))), IF(COUNTIF(L61:T61, ""*TIDAK TERDETEKSI*"") > 0, ""TIDAK TERDETEKSI"", IF(COUNTIF(L61:T61, ""*TIDAK AKTIF*"") > 0, ""TIDAK AKTIF"", IF(COUNTIF(L61:T61, ""*BELUM TERPASANG*"") > 0, ""BELUM TERPASAN"&"G"", ""TIDAK AKTIF""))) ) )"),"OPTIMAL") -> OPTIMAL | V61: PLN | W61: 1018 | X61: SMAN 4, SMAN 12 & SMAN 15 BERAU | Y61: 1665000 | Z61: https://desarantaupanjang.id
A62: =A61+1 -> 60 | B62: BERAU | C62: SAMBALIUNG | D62: SUARAN | E62: KANTOR DESA | F62: 2.019076654088608 | G62: 117.6398920161547 | H62: TELKOM | I62: WMS | J62: Bandwidth 50Mbps | K62: TERPASANG | U62: =IFERROR(__xludf.DUMMYFUNCTION("LET( angka_murni, ARRAYFORMULA(IFERROR(VALUE(REGEXREPLACE(L62:T62, ""[^0-9]"", """")), 0)), rata, IFERROR(AVERAGEIF(angka_murni, "">0""), 0), IF(rata > 0, IF(rata > 500, ""SANGAT OPTIMAL"", IF(rata > 200, ""OPTIMAL"", IF(rata > 100, "&"""KURANG OPTIMAL"", ""TIDAK OPTIMAL""))), IF(COUNTIF(L62:T62, ""*TIDAK TERDETEKSI*"") > 0, ""TIDAK TERDETEKSI"", IF(COUNTIF(L62:T62, ""*TIDAK AKTIF*"") > 0, ""TIDAK AKTIF"", IF(COUNTIF(L62:T62, ""*BELUM TERPASANG*"") > 0, ""BELUM TERPASAN"&"G"", ""TIDAK AKTIF""))) ) )"),"TIDAK AKTIF") -> TIDAK AKTIF | V62: PLN | W62: 4026 | X62: SMAN 4, SMAN 12 & SMAN 15 BERAU | Y62: 638250
A63: =A62+1 -> 61 | B63: BERAU | C63: SAMBALIUNG | D63: PILANJAU | E63: KANTOR DESA | F63: 1.996835 | G63: 117.753414 | H63: BESTCAMP | I63: STARLINK | J63: Kuota FUP 100GB | K63: TERPASANG | L63: <= 150GB | M63: <= 150GB | N63: <= 100GB | O63: <= 150GB | P63: <= 100GB | Q63: <= 150GB | U63: =IFERROR(__xludf.DUMMYFUNCTION("LET( angka_murni, ARRAYFORMULA(IFERROR(VALUE(REGEXREPLACE(L63:T63, ""[^0-9]"", """")), 0)), rata, IFERROR(AVERAGEIF(angka_murni, "">0""), 0), IF(rata > 0, IF(rata > 500, ""SANGAT OPTIMAL"", IF(rata > 200, ""OPTIMAL"", IF(rata > 100, "&"""KURANG OPTIMAL"", ""TIDAK OPTIMAL""))), IF(COUNTIF(L63:T63, ""*TIDAK TERDETEKSI*"") > 0, ""TIDAK TERDETEKSI"", IF(COUNTIF(L63:T63, ""*TIDAK AKTIF*"") > 0, ""TIDAK AKTIF"", IF(COUNTIF(L63:T63, ""*BELUM TERPASANG*"") > 0, ""BELUM TERPASAN"&"G"", ""TIDAK AKTIF""))) ) )"),"KURANG OPTIMAL") -> KURANG OPTIMAL | V63: PLN | W63: 2264 | X63: SMAN 4, SMAN 12 & SMAN 15 BERAU | Y63: 2553000
A64: =A63+1 -> 62 | B64: BERAU | C64: SAMBALIUNG | D64: PESAYAN | E64: KANTOR DESA | F64: 2.010643707442536 | G64: 117.67712714168361 | H64: TELKOMSAT | I64: STARLINK | J64: Kuota FUP 2000GB | K64: TERPASANG | N64: <= 500GB | O64: <= 500GB | P64: <= 150GB | U64: =IFERROR(__xludf.DUMMYFUNCTION("LET( angka_murni, ARRAYFORMULA(IFERROR(VALUE(REGEXREPLACE(L64:T64, ""[^0-9]"", """")), 0)), rata, IFERROR(AVERAGEIF(angka_murni, "">0""), 0), IF(rata > 0, IF(rata > 500, ""SANGAT OPTIMAL"", IF(rata > 200, ""OPTIMAL"", IF(rata > 100, "&"""KURANG OPTIMAL"", ""TIDAK OPTIMAL""))), IF(COUNTIF(L64:T64, ""*TIDAK TERDETEKSI*"") > 0, ""TIDAK TERDETEKSI"", IF(COUNTIF(L64:T64, ""*TIDAK AKTIF*"") > 0, ""TIDAK AKTIF"", IF(COUNTIF(L64:T64, ""*BELUM TERPASANG*"") > 0, ""BELUM TERPASAN"&"G"", ""TIDAK AKTIF""))) ) )"),"OPTIMAL") -> OPTIMAL | V64: PLN | W64: 1645 | X64: SMAN 4, SMAN 12 & SMAN 15 BERAU | Y64: 1665000
A65: =A64+1 -> 63 | B65: BERAU | C65: SAMBALIUNG | D65: SEI BEBANIR BANGUN | E65: KANTOR DESA | F65: 2.1607765728302026 | G65: 117.57026003194227 | H65: TELKOM | I65: WMS | J65: Bandwidth 50Mbps | K65: TERPASANG | U65: =IFERROR(__xludf.DUMMYFUNCTION("LET( angka_murni, ARRAYFORMULA(IFERROR(VALUE(REGEXREPLACE(L65:T65, ""[^0-9]"", """")), 0)), rata, IFERROR(AVERAGEIF(angka_murni, "">0""), 0), IF(rata > 0, IF(rata > 500, ""SANGAT OPTIMAL"", IF(rata > 200, ""OPTIMAL"", IF(rata > 100, "&"""KURANG OPTIMAL"", ""TIDAK OPTIMAL""))), IF(COUNTIF(L65:T65, ""*TIDAK TERDETEKSI*"") > 0, ""TIDAK TERDETEKSI"", IF(COUNTIF(L65:T65, ""*TIDAK AKTIF*"") > 0, ""TIDAK AKTIF"", IF(COUNTIF(L65:T65, ""*BELUM TERPASANG*"") > 0, ""BELUM TERPASAN"&"G"", ""TIDAK AKTIF""))) ) )"),"TIDAK AKTIF") -> TIDAK AKTIF | V65: PLN | W65: 4897 | X65: SMAN 4, SMAN 12 & SMAN 15 BERAU | Y65: 638250
A66: =A65+1 -> 64 | B66: BERAU | C66: SAMBALIUNG | D66: GURIMBANG | E66: KANTOR DESA | F66: 2.186041920715036 | G66: 117.60141022343434 | H66: TELKOM | I66: WMS | J66: Bandwidth 50Mbps | K66: TERPASANG | U66: =IFERROR(__xludf.DUMMYFUNCTION("LET( angka_murni, ARRAYFORMULA(IFERROR(VALUE(REGEXREPLACE(L66:T66, ""[^0-9]"", """")), 0)), rata, IFERROR(AVERAGEIF(angka_murni, "">0""), 0), IF(rata > 0, IF(rata > 500, ""SANGAT OPTIMAL"", IF(rata > 200, ""OPTIMAL"", IF(rata > 100, "&"""KURANG OPTIMAL"", ""TIDAK OPTIMAL""))), IF(COUNTIF(L66:T66, ""*TIDAK TERDETEKSI*"") > 0, ""TIDAK TERDETEKSI"", IF(COUNTIF(L66:T66, ""*TIDAK AKTIF*"") > 0, ""TIDAK AKTIF"", IF(COUNTIF(L66:T66, ""*BELUM TERPASANG*"") > 0, ""BELUM TERPASAN"&"G"", ""TIDAK AKTIF""))) ) )"),"TIDAK AKTIF") -> TIDAK AKTIF | V66: PLN | W66: 2124 | X66: SMAN 4, SMAN 12 & SMAN 15 BERAU | Y66: 638250 | Z66: https://gurimbang.nusadesa.id/
A67: =A66+1 -> 65 | B67: BERAU | C67: SAMBALIUNG | D67: SUKAN TENGAH | E67: KANTOR DESA | F67: 2.175837171043414 | G67: 117.65689018989184 | H67: TELKOM | I67: WMS | J67: Bandwidth 50Mbps | K67: TERPASANG | U67: =IFERROR(__xludf.DUMMYFUNCTION("LET( angka_murni, ARRAYFORMULA(IFERROR(VALUE(REGEXREPLACE(L67:T67, ""[^0-9]"", """")), 0)), rata, IFERROR(AVERAGEIF(angka_murni, "">0""), 0), IF(rata > 0, IF(rata > 500, ""SANGAT OPTIMAL"", IF(rata > 200, ""OPTIMAL"", IF(rata > 100, "&"""KURANG OPTIMAL"", ""TIDAK OPTIMAL""))), IF(COUNTIF(L67:T67, ""*TIDAK TERDETEKSI*"") > 0, ""TIDAK TERDETEKSI"", IF(COUNTIF(L67:T67, ""*TIDAK AKTIF*"") > 0, ""TIDAK AKTIF"", IF(COUNTIF(L67:T67, ""*BELUM TERPASANG*"") > 0, ""BELUM TERPASAN"&"G"", ""TIDAK AKTIF""))) ) )"),"TIDAK AKTIF") -> TIDAK AKTIF | V67: PLN | W67: 3037 | X67: SMAN 4, SMAN 12 & SMAN 15 BERAU | Y67: 638250 | Z67: https://www.sukantengah.id/
A68: =A67+1 -> 66 | B68: BERAU | C68: SAMBALIUNG | D68: TANJUNG PERANGAT | E68: KANTOR DESA | F68: 2.208433 | G68: 117.611750 | H68: BESTCAMP | I68: STARLINK | J68: Kuota FUP 100GB | K68: TERPASANG | L68: <= 100GB | M68: <= 100GB | N68: <= 50GB | O68: <= 50GB | P68: <= 150GB | Q68: <= 150GB | U68: =IFERROR(__xludf.DUMMYFUNCTION("LET( angka_murni, ARRAYFORMULA(IFERROR(VALUE(REGEXREPLACE(L68:T68, ""[^0-9]"", """")), 0)), rata, IFERROR(AVERAGEIF(angka_murni, "">0""), 0), IF(rata > 0, IF(rata > 500, ""SANGAT OPTIMAL"", IF(rata > 200, ""OPTIMAL"", IF(rata > 100, "&"""KURANG OPTIMAL"", ""TIDAK OPTIMAL""))), IF(COUNTIF(L68:T68, ""*TIDAK TERDETEKSI*"") > 0, ""TIDAK TERDETEKSI"", IF(COUNTIF(L68:T68, ""*TIDAK AKTIF*"") > 0, ""TIDAK AKTIF"", IF(COUNTIF(L68:T68, ""*BELUM TERPASANG*"") > 0, ""BELUM TERPASAN"&"G"", ""TIDAK AKTIF""))) ) )"),"TIDAK OPTIMAL") -> TIDAK OPTIMAL | V68: PLN | W68: 1327 | X68: SMAN 4, SMAN 12 & SMAN 15 BERAU | Y68: 2553000
A69: =A68+1 -> 67 | B69: BERAU | C69: SAMBALIUNG | D69: BENA BARU | E69: KANTOR DESA | F69: 2.0400403991450413 | G69: 117.39633430856777 | H69: TELKOM | I69: WMS | J69: Bandwidth 50Mbps | K69: TERPASANG | U69: =IFERROR(__xludf.DUMMYFUNCTION("LET( angka_murni, ARRAYFORMULA(IFERROR(VALUE(REGEXREPLACE(L69:T69, ""[^0-9]"", """")), 0)), rata, IFERROR(AVERAGEIF(angka_murni, "">0""), 0), IF(rata > 0, IF(rata > 500, ""SANGAT OPTIMAL"", IF(rata > 200, ""OPTIMAL"", IF(rata > 100, "&"""KURANG OPTIMAL"", ""TIDAK OPTIMAL""))), IF(COUNTIF(L69:T69, ""*TIDAK TERDETEKSI*"") > 0, ""TIDAK TERDETEKSI"", IF(COUNTIF(L69:T69, ""*TIDAK AKTIF*"") > 0, ""TIDAK AKTIF"", IF(COUNTIF(L69:T69, ""*BELUM TERPASANG*"") > 0, ""BELUM TERPASAN"&"G"", ""TIDAK AKTIF""))) ) )"),"TIDAK AKTIF") -> TIDAK AKTIF | V69: PLN | W69: 942 | X69: SMAN 4, SMAN 12 & SMAN 15 BERAU | Y69: 638250
A70: =A69+1 -> 68 | B70: BERAU | C70: SEGAH | D70: LONG LA'AI | E70: KANTOR DESA | F70: 2.162181925537826 | G70: 116.74914293126034 | H70: COMTELINDO | I70: WMS | J70: Bandwidth 30Mbps | K70: TERPASANG | L70: TIDAK TERDETEKSI | M70: TIDAK TERDETEKSI | N70: TIDAK TERDETEKSI | O70: <= 150GB | P70: <= 150GB | Q70: <= 100GB | R70: <= 100GB | U70: =IFERROR(__xludf.DUMMYFUNCTION("LET( angka_murni, ARRAYFORMULA(IFERROR(VALUE(REGEXREPLACE(L70:T70, ""[^0-9]"", """")), 0)), rata, IFERROR(AVERAGEIF(angka_murni, "">0""), 0), IF(rata > 0, IF(rata > 500, ""SANGAT OPTIMAL"", IF(rata > 200, ""OPTIMAL"", IF(rata > 100, "&"""KURANG OPTIMAL"", ""TIDAK OPTIMAL""))), IF(COUNTIF(L70:T70, ""*TIDAK TERDETEKSI*"") > 0, ""TIDAK TERDETEKSI"", IF(COUNTIF(L70:T70, ""*TIDAK AKTIF*"") > 0, ""TIDAK AKTIF"", IF(COUNTIF(L70:T70, ""*BELUM TERPASANG*"") > 0, ""BELUM TERPASAN"&"G"", ""TIDAK AKTIF""))) ) )"),"KURANG OPTIMAL") -> KURANG OPTIMAL | V70: Non PLN : PLTS TERPUSAT ESDM 2014/2016 | W70: 640 | X70: SMK NEGERI 5 BERAU | Y70: 1665000
A71: =A70+1 -> 69 | B71: BERAU | C71: SEGAH | D71: PUNAN SEGAH | E71: KANTOR DESA | F71: 2.3764425889855696 | G71: 116.65596483779778 | H71: COMTELINDO | I71: WMS | J71: Bandwidth 30Mbps | K71: TERPASANG | L71: <= 150GB | M71: <= 50GB | N71: 0GB | O71: <= 150GB | P71: 0GB | Q71: 0GB | R71: <= 1GB | U71: =IFERROR(__xludf.DUMMYFUNCTION("LET( angka_murni, ARRAYFORMULA(IFERROR(VALUE(REGEXREPLACE(L71:T71, ""[^0-9]"", """")), 0)), rata, IFERROR(AVERAGEIF(angka_murni, "">0""), 0), IF(rata > 0, IF(rata > 500, ""SANGAT OPTIMAL"", IF(rata > 200, ""OPTIMAL"", IF(rata > 100, "&"""KURANG OPTIMAL"", ""TIDAK OPTIMAL""))), IF(COUNTIF(L71:T71, ""*TIDAK TERDETEKSI*"") > 0, ""TIDAK TERDETEKSI"", IF(COUNTIF(L71:T71, ""*TIDAK AKTIF*"") > 0, ""TIDAK AKTIF"", IF(COUNTIF(L71:T71, ""*BELUM TERPASANG*"") > 0, ""BELUM TERPASAN"&"G"", ""TIDAK AKTIF""))) ) )"),"TIDAK OPTIMAL") -> TIDAK OPTIMAL | V71: Non PLN : Genset Desa/kampung,PLTS SHS | W71: 128 | X71: SMK NEGERI 5 BERAU | Y71: 1665000
A72: =A71+1 -> 70 | B72: BERAU | C72: SEGAH | D72: LONG AYAP | E72: RUMAH KEPALA KAMPUNG | F72: 2.307972 | G72: 116.840627 | H72: BESTCAMP | I72: STARLINK | J72: Kuota FUP 100GB | K72: TERPASANG | L72: <= 50GB | M72: <= 150GB | N72: >1000GB | O72: <= 200GB | P72: <= 200GB | Q72: <= 150GB | U72: =IFERROR(__xludf.DUMMYFUNCTION("LET( angka_murni, ARRAYFORMULA(IFERROR(VALUE(REGEXREPLACE(L72:T72, ""[^0-9]"", """")), 0)), rata, IFERROR(AVERAGEIF(angka_murni, "">0""), 0), IF(rata > 0, IF(rata > 500, ""SANGAT OPTIMAL"", IF(rata > 200, ""OPTIMAL"", IF(rata > 100, "&"""KURANG OPTIMAL"", ""TIDAK OPTIMAL""))), IF(COUNTIF(L72:T72, ""*TIDAK TERDETEKSI*"") > 0, ""TIDAK TERDETEKSI"", IF(COUNTIF(L72:T72, ""*TIDAK AKTIF*"") > 0, ""TIDAK AKTIF"", IF(COUNTIF(L72:T72, ""*BELUM TERPASANG*"") > 0, ""BELUM TERPASAN"&"G"", ""TIDAK AKTIF""))) ) )"),"OPTIMAL") -> OPTIMAL | V72: Non PLN : Genset Desa/kampung,PLTS SHS | W72: 247 | X72: SMK NEGERI 5 BERAU | Y72: 2553000 | Z72: https://longayap.digitaldesa.id/
A73: =A72+1 -> 71 | B73: BERAU | C73: SEGAH | D73: LONG AYAN | E73: KANTOR DESA | F73: 2.2805719018571105 | G73: 116.95454534891914 | H73: COMTELINDO | I73: WMS | J73: Bandwidth 30Mbps | K73: TERPASANG | L73: <= 500GB | M73: <= 500GB | N73: <= 500GB | O73: <=1000GB | P73: >1000GB | Q73: <= 500GB | R73: <= 500GB | U73: =IFERROR(__xludf.DUMMYFUNCTION("LET( angka_murni, ARRAYFORMULA(IFERROR(VALUE(REGEXREPLACE(L73:T73, ""[^0-9]"", """")), 0)), rata, IFERROR(AVERAGEIF(angka_murni, "">0""), 0), IF(rata > 0, IF(rata > 500, ""SANGAT OPTIMAL"", IF(rata > 200, ""OPTIMAL"", IF(rata > 100, "&"""KURANG OPTIMAL"", ""TIDAK OPTIMAL""))), IF(COUNTIF(L73:T73, ""*TIDAK TERDETEKSI*"") > 0, ""TIDAK TERDETEKSI"", IF(COUNTIF(L73:T73, ""*TIDAK AKTIF*"") > 0, ""TIDAK AKTIF"", IF(COUNTIF(L73:T73, ""*BELUM TERPASANG*"") > 0, ""BELUM TERPASAN"&"G"", ""TIDAK AKTIF""))) ) )"),"SANGAT OPTIMAL") -> SANGAT OPTIMAL | V73: PLN | W73: 1306 | X73: SMK NEGERI 5 BERAU | Y73: 1665000 | Z73: https://longayan.digitaldesa.id/
A74: =A73+1 -> 72 | B74: BERAU | C74: SEGAH | D74: PUNAN MALINAU | E74: KANTOR DESA | F74: 2.2562891776758964 | G74: 117.03110451346126 | H74: TELKOMSEL | I74: ORBIT | J74: Kuota 400Gb | K74: TERPASANG | N74: <= 200GB | O74: <= 200GB | P74: <= 200GB | Q74: <= 500GB | R74: <= 150GB | U74: =IFERROR(__xludf.DUMMYFUNCTION("LET( angka_murni, ARRAYFORMULA(IFERROR(VALUE(REGEXREPLACE(L74:T74, ""[^0-9]"", """")), 0)), rata, IFERROR(AVERAGEIF(angka_murni, "">0""), 0), IF(rata > 0, IF(rata > 500, ""SANGAT OPTIMAL"", IF(rata > 200, ""OPTIMAL"", IF(rata > 100, "&"""KURANG OPTIMAL"", ""TIDAK OPTIMAL""))), IF(COUNTIF(L74:T74, ""*TIDAK TERDETEKSI*"") > 0, ""TIDAK TERDETEKSI"", IF(COUNTIF(L74:T74, ""*TIDAK AKTIF*"") > 0, ""TIDAK AKTIF"", IF(COUNTIF(L74:T74, ""*BELUM TERPASANG*"") > 0, ""BELUM TERPASAN"&"G"", ""TIDAK AKTIF""))) ) )"),"OPTIMAL") -> OPTIMAL | V74: PLN | W74: 970 | X74: SMK NEGERI 5 BERAU | Y74: 768950
A75: =A74+1 -> 73 | B75: BERAU | C75: SEGAH | D75: PUNAN MAHKAM | E75: KANTOR DESA | F75: 2.321488677372123 | G75: 116.58781035240611 | H75: COMTELINDO | I75: WMS | J75: Bandwidth 30Mbps | K75: TERPASANG | L75: <= 100GB | M75: <= 50GB | N75: <= 50GB | O75: <= 100GB | P75: <= 50GB | Q75: 0GB | R75: <= 1GB | U75: =IFERROR(__xludf.DUMMYFUNCTION("LET( angka_murni, ARRAYFORMULA(IFERROR(VALUE(REGEXREPLACE(L75:T75, ""[^0-9]"", """")), 0)), rata, IFERROR(AVERAGEIF(angka_murni, "">0""), 0), IF(rata > 0, IF(rata > 500, ""SANGAT OPTIMAL"", IF(rata > 200, ""OPTIMAL"", IF(rata > 100, "&"""KURANG OPTIMAL"", ""TIDAK OPTIMAL""))), IF(COUNTIF(L75:T75, ""*TIDAK TERDETEKSI*"") > 0, ""TIDAK TERDETEKSI"", IF(COUNTIF(L75:T75, ""*TIDAK AKTIF*"") > 0, ""TIDAK AKTIF"", IF(COUNTIF(L75:T75, ""*BELUM TERPASANG*"") > 0, ""BELUM TERPASAN"&"G"", ""TIDAK AKTIF""))) ) )"),"TIDAK OPTIMAL") -> TIDAK OPTIMAL | V75: Non PLN : Genset Desa/kampung,PLTS SHS | W75: 327 | X75: SMK NEGERI 5 BERAU | Y75: 1665000
A76: =A75+1 -> 74 | B76: BERAU | C76: SEGAH | D76: GUNUNG SARI | E76: KANTOR DESA | F76: 2.190839054636443 | G76: 117.11320951660349 | H76: TELKOM | I76: WMS | J76: Bandwidth 50Mbps | K76: TERPASANG | U76: =IFERROR(__xludf.DUMMYFUNCTION("LET( angka_murni, ARRAYFORMULA(IFERROR(VALUE(REGEXREPLACE(L76:T76, ""[^0-9]"", """")), 0)), rata, IFERROR(AVERAGEIF(angka_murni, "">0""), 0), IF(rata > 0, IF(rata > 500, ""SANGAT OPTIMAL"", IF(rata > 200, ""OPTIMAL"", IF(rata > 100, "&"""KURANG OPTIMAL"", ""TIDAK OPTIMAL""))), IF(COUNTIF(L76:T76, ""*TIDAK TERDETEKSI*"") > 0, ""TIDAK TERDETEKSI"", IF(COUNTIF(L76:T76, ""*TIDAK AKTIF*"") > 0, ""TIDAK AKTIF"", IF(COUNTIF(L76:T76, ""*BELUM TERPASANG*"") > 0, ""BELUM TERPASAN"&"G"", ""TIDAK AKTIF""))) ) )"),"TIDAK AKTIF") -> TIDAK AKTIF | V76: PLN | W76: 7316 | X76: SMK NEGERI 5 BERAU | Y76: 638250 | Z76: https://gunungsari-segah.desa.id/
A77: =A76+1 -> 75 | B77: BERAU | C77: SEGAH | D77: PANDAN SARI | E77: KANTOR DESA | F77: 2.0774877630806916 | G77: 117.234147339748 | H77: TELKOMSEL | I77: ORBIT | J77: Kuota 400Gb | K77: TERPASANG | N77: 0GB | O77: 0GB | P77: 0GB | Q77: 0GB | R77: 0GB | U77: =IFERROR(__xludf.DUMMYFUNCTION("LET( angka_murni, ARRAYFORMULA(IFERROR(VALUE(REGEXREPLACE(L77:T77, ""[^0-9]"", """")), 0)), rata, IFERROR(AVERAGEIF(angka_murni, "">0""), 0), IF(rata > 0, IF(rata > 500, ""SANGAT OPTIMAL"", IF(rata > 200, ""OPTIMAL"", IF(rata > 100, "&"""KURANG OPTIMAL"", ""TIDAK OPTIMAL""))), IF(COUNTIF(L77:T77, ""*TIDAK TERDETEKSI*"") > 0, ""TIDAK TERDETEKSI"", IF(COUNTIF(L77:T77, ""*TIDAK AKTIF*"") > 0, ""TIDAK AKTIF"", IF(COUNTIF(L77:T77, ""*BELUM TERPASANG*"") > 0, ""BELUM TERPASAN"&"G"", ""TIDAK AKTIF""))) ) )"),"TIDAK AKTIF") -> TIDAK AKTIF | V77: PLN | W77: 1422 | X77: SMK NEGERI 5 BERAU | Y77: 768950 | Z77: https://desa-pandansari.id/
A78: =A77+1 -> 76 | B78: BERAU | C78: SEGAH | D78: BUKIT MAKMUR | E78: KANTOR DESA | F78: 2.087653738487665 | G78: 117.19828377380585 | H78: TELKOM | I78: WMS | J78: Bandwidth 50Mbps | K78: TERPASANG | U78: =IFERROR(__xludf.DUMMYFUNCTION("LET( angka_murni, ARRAYFORMULA(IFERROR(VALUE(REGEXREPLACE(L78:T78, ""[^0-9]"", """")), 0)), rata, IFERROR(AVERAGEIF(angka_murni, "">0""), 0), IF(rata > 0, IF(rata > 500, ""SANGAT OPTIMAL"", IF(rata > 200, ""OPTIMAL"", IF(rata > 100, "&"""KURANG OPTIMAL"", ""TIDAK OPTIMAL""))), IF(COUNTIF(L78:T78, ""*TIDAK TERDETEKSI*"") > 0, ""TIDAK TERDETEKSI"", IF(COUNTIF(L78:T78, ""*TIDAK AKTIF*"") > 0, ""TIDAK AKTIF"", IF(COUNTIF(L78:T78, ""*BELUM TERPASANG*"") > 0, ""BELUM TERPASAN"&"G"", ""TIDAK AKTIF""))) ) )"),"TIDAK AKTIF") -> TIDAK AKTIF | V78: PLN | W78: 1878 | X78: SMK NEGERI 5 BERAU | Y78: 638250
A79: =A78+1 -> 77 | B79: BERAU | C79: SEGAH | D79: HARAPAN JAYA | E79: KANTOR DESA | F79: 2.1458485120244988 | G79: 117.11288820154698 | H79: TELKOMSEL | I79: ORBIT | J79: Kuota 400Gb | K79: TERPASANG | N79: <= 50GB | O79: <= 50GB | P79: <= 50GB | Q79: <= 50GB | R79: <= 100GB | U79: =IFERROR(__xludf.DUMMYFUNCTION("LET( angka_murni, ARRAYFORMULA(IFERROR(VALUE(REGEXREPLACE(L79:T79, ""[^0-9]"", """")), 0)), rata, IFERROR(AVERAGEIF(angka_murni, "">0""), 0), IF(rata > 0, IF(rata > 500, ""SANGAT OPTIMAL"", IF(rata > 200, ""OPTIMAL"", IF(rata > 100, "&"""KURANG OPTIMAL"", ""TIDAK OPTIMAL""))), IF(COUNTIF(L79:T79, ""*TIDAK TERDETEKSI*"") > 0, ""TIDAK TERDETEKSI"", IF(COUNTIF(L79:T79, ""*TIDAK AKTIF*"") > 0, ""TIDAK AKTIF"", IF(COUNTIF(L79:T79, ""*BELUM TERPASANG*"") > 0, ""BELUM TERPASAN"&"G"", ""TIDAK AKTIF""))) ) )"),"TIDAK OPTIMAL") -> TIDAK OPTIMAL | V79: PLN | W79: 3079 | X79: SMK NEGERI 5 BERAU | Y79: 768950
A80: =A79+1 -> 78 | B80: BERAU | C80: SEGAH | D80: TEPIAN BUAH | E80: KANTOR DESA | F80: 2.185965795557908 | G80: 117.1011026776948 | H80: TELKOM | I80: WMS | J80: Bandwidth 50Mbps | K80: TERPASANG | U80: =IFERROR(__xludf.DUMMYFUNCTION("LET( angka_murni, ARRAYFORMULA(IFERROR(VALUE(REGEXREPLACE(L80:T80, ""[^0-9]"", """")), 0)), rata, IFERROR(AVERAGEIF(angka_murni, "">0""), 0), IF(rata > 0, IF(rata > 500, ""SANGAT OPTIMAL"", IF(rata > 200, ""OPTIMAL"", IF(rata > 100, "&"""KURANG OPTIMAL"", ""TIDAK OPTIMAL""))), IF(COUNTIF(L80:T80, ""*TIDAK TERDETEKSI*"") > 0, ""TIDAK TERDETEKSI"", IF(COUNTIF(L80:T80, ""*TIDAK AKTIF*"") > 0, ""TIDAK AKTIF"", IF(COUNTIF(L80:T80, ""*BELUM TERPASANG*"") > 0, ""BELUM TERPASAN"&"G"", ""TIDAK AKTIF""))) ) )"),"TIDAK AKTIF") -> TIDAK AKTIF | V80: PLN | W80: 1585 | X80: SMK NEGERI 5 BERAU | Y80: 638250
A81: =A80+1 -> 79 | B81: BERAU | C81: SEGAH | D81: BATU RAJANG | E81: KANTOR DESA | F81: 2.0349462513630576 | G81: 117.08464388764158 | H81: TELKOMSEL | I81: ORBIT | J81: Kuota 400Gb | K81: TERPASANG | N81: <= 200GB | O81: <= 200GB | P81: <= 200GB | Q81: <= 200GB | R81: <= 500GB | U81: =IFERROR(__xludf.DUMMYFUNCTION("LET( angka_murni, ARRAYFORMULA(IFERROR(VALUE(REGEXREPLACE(L81:T81, ""[^0-9]"", """")), 0)), rata, IFERROR(AVERAGEIF(angka_murni, "">0""), 0), IF(rata > 0, IF(rata > 500, ""SANGAT OPTIMAL"", IF(rata > 200, ""OPTIMAL"", IF(rata > 100, "&"""KURANG OPTIMAL"", ""TIDAK OPTIMAL""))), IF(COUNTIF(L81:T81, ""*TIDAK TERDETEKSI*"") > 0, ""TIDAK TERDETEKSI"", IF(COUNTIF(L81:T81, ""*TIDAK AKTIF*"") > 0, ""TIDAK AKTIF"", IF(COUNTIF(L81:T81, ""*BELUM TERPASANG*"") > 0, ""BELUM TERPASAN"&"G"", ""TIDAK AKTIF""))) ) )"),"OPTIMAL") -> OPTIMAL | V81: PLN | W81: 387 | X81: SMK NEGERI 5 BERAU | Y81: 768950
A82: =A81+1 -> 80 | B82: BERAU | C82: SEGAH | D82: SIDUUNG INDAH | E82: KANTOR DESA | F82: 1.9916472195893689 | G82: 117.17629643022153 | H82: COMTELINDO | I82: WMS | J82: Bandwidth 30Mbps | K82: TERPASANG | L82: <= 150GB | M82: <= 500GB | N82: <= 500GB | O82: <= 500GB | P82: <= 50GB | Q82: <= 10GB | R82: <= 500GB | U82: =IFERROR(__xludf.DUMMYFUNCTION("LET( angka_murni, ARRAYFORMULA(IFERROR(VALUE(REGEXREPLACE(L82:T82, ""[^0-9]"", """")), 0)), rata, IFERROR(AVERAGEIF(angka_murni, "">0""), 0), IF(rata > 0, IF(rata > 500, ""SANGAT OPTIMAL"", IF(rata > 200, ""OPTIMAL"", IF(rata > 100, "&"""KURANG OPTIMAL"", ""TIDAK OPTIMAL""))), IF(COUNTIF(L82:T82, ""*TIDAK TERDETEKSI*"") > 0, ""TIDAK TERDETEKSI"", IF(COUNTIF(L82:T82, ""*TIDAK AKTIF*"") > 0, ""TIDAK AKTIF"", IF(COUNTIF(L82:T82, ""*BELUM TERPASANG*"") > 0, ""BELUM TERPASAN"&"G"", ""TIDAK AKTIF""))) ) )"),"OPTIMAL") -> OPTIMAL | V82: PLN | W82: 581 | X82: SMK NEGERI 5 BERAU | Y82: 1665000
A83: =A82+1 -> 81 | B83: BERAU | C83: TABALAR | D83: TABALAR MUARA | E83: KANTOR DESA | F83: 1.7551738488066142 | G83: 117.97345249976799 | H83: TELKOMSEL | I83: ORBIT | J83: Kuota 400Gb | K83: TERPASANG | N83: 0GB | O83: 0GB | P83: 0GB | Q83: 0GB | R83: 0GB | U83: =IFERROR(__xludf.DUMMYFUNCTION("LET( angka_murni, ARRAYFORMULA(IFERROR(VALUE(REGEXREPLACE(L83:T83, ""[^0-9]"", """")), 0)), rata, IFERROR(AVERAGEIF(angka_murni, "">0""), 0), IF(rata > 0, IF(rata > 500, ""SANGAT OPTIMAL"", IF(rata > 200, ""OPTIMAL"", IF(rata > 100, "&"""KURANG OPTIMAL"", ""TIDAK OPTIMAL""))), IF(COUNTIF(L83:T83, ""*TIDAK TERDETEKSI*"") > 0, ""TIDAK TERDETEKSI"", IF(COUNTIF(L83:T83, ""*TIDAK AKTIF*"") > 0, ""TIDAK AKTIF"", IF(COUNTIF(L83:T83, ""*BELUM TERPASANG*"") > 0, ""BELUM TERPASAN"&"G"", ""TIDAK AKTIF""))) ) )"),"TIDAK AKTIF") -> TIDAK AKTIF | V83: PLN | W83: 1052 | X83: SMK NEGERI 7 BERAU | Y83: 768950
A84: =A83+1 -> 82 | B84: BERAU | C84: TABALAR | D84: TUBAAN | E84: KANTOR DESA | F84: 2.1516317285238875 | G84: 117.5045858142565 | H84: TELKOMSEL | I84: ORBIT | J84: Kuota 400Gb | K84: TERPASANG | N84: <= 500GB | O84: <= 500GB | P84: <= 500GB | Q84: <= 500GB | R84: <= 500GB | U84: =IFERROR(__xludf.DUMMYFUNCTION("LET( angka_murni, ARRAYFORMULA(IFERROR(VALUE(REGEXREPLACE(L84:T84, ""[^0-9]"", """")), 0)), rata, IFERROR(AVERAGEIF(angka_murni, "">0""), 0), IF(rata > 0, IF(rata > 500, ""SANGAT OPTIMAL"", IF(rata > 200, ""OPTIMAL"", IF(rata > 100, "&"""KURANG OPTIMAL"", ""TIDAK OPTIMAL""))), IF(COUNTIF(L84:T84, ""*TIDAK TERDETEKSI*"") > 0, ""TIDAK TERDETEKSI"", IF(COUNTIF(L84:T84, ""*TIDAK AKTIF*"") > 0, ""TIDAK AKTIF"", IF(COUNTIF(L84:T84, ""*BELUM TERPASANG*"") > 0, ""BELUM TERPASAN"&"G"", ""TIDAK AKTIF""))) ) )"),"OPTIMAL") -> OPTIMAL | V84: PLN | W84: 1953 | X84: SMK NEGERI 7 BERAU | Y84: 768950 | Z84: https://www.tubaan.id/
A85: =A84+1 -> 83 | B85: BERAU | C85: TABALAR | D85: TABALAR ULU | E85: KANTOR DESA | F85: 1.766720753417623 | G85: 117.85411391274891 | H85: COMTELINDO | I85: WMS | J85: Bandwidth 30Mbps | K85: TERPASANG | L85: <= 50GB | M85: <= 50GB | N85: <= 50GB | O85: <= 50GB | P85: <= 50GB | Q85: <= 10GB | R85: <= 50GB | U85: =IFERROR(__xludf.DUMMYFUNCTION("LET( angka_murni, ARRAYFORMULA(IFERROR(VALUE(REGEXREPLACE(L85:T85, ""[^0-9]"", """")), 0)), rata, IFERROR(AVERAGEIF(angka_murni, "">0""), 0), IF(rata > 0, IF(rata > 500, ""SANGAT OPTIMAL"", IF(rata > 200, ""OPTIMAL"", IF(rata > 100, "&"""KURANG OPTIMAL"", ""TIDAK OPTIMAL""))), IF(COUNTIF(L85:T85, ""*TIDAK TERDETEKSI*"") > 0, ""TIDAK TERDETEKSI"", IF(COUNTIF(L85:T85, ""*TIDAK AKTIF*"") > 0, ""TIDAK AKTIF"", IF(COUNTIF(L85:T85, ""*BELUM TERPASANG*"") > 0, ""BELUM TERPASAN"&"G"", ""TIDAK AKTIF""))) ) )"),"TIDAK OPTIMAL") -> TIDAK OPTIMAL | V85: PLN | W85: 839 | X85: SMK NEGERI 7 BERAU | Y85: 1665000 | Z85: https://tabalarulu.id/
A86: =A85+1 -> 84 | B86: BERAU | C86: TABALAR | D86: SEMURUT | E86: KANTOR DESA | F86: 1.8534333304490074 | G86: 117.82397594022412 | H86: TELKOMSAT | I86: STARLINK | J86: Kuota FUP 2000GB | K86: TERPASANG | N86: <= 500GB | O86: <=1000GB | P86: <= 500GB | U86: =IFERROR(__xludf.DUMMYFUNCTION("LET( angka_murni, ARRAYFORMULA(IFERROR(VALUE(REGEXREPLACE(L86:T86, ""[^0-9]"", """")), 0)), rata, IFERROR(AVERAGEIF(angka_murni, "">0""), 0), IF(rata > 0, IF(rata > 500, ""SANGAT OPTIMAL"", IF(rata > 200, ""OPTIMAL"", IF(rata > 100, "&"""KURANG OPTIMAL"", ""TIDAK OPTIMAL""))), IF(COUNTIF(L86:T86, ""*TIDAK TERDETEKSI*"") > 0, ""TIDAK TERDETEKSI"", IF(COUNTIF(L86:T86, ""*TIDAK AKTIF*"") > 0, ""TIDAK AKTIF"", IF(COUNTIF(L86:T86, ""*BELUM TERPASANG*"") > 0, ""BELUM TERPASAN"&"G"", ""TIDAK AKTIF""))) ) )"),"SANGAT OPTIMAL") -> SANGAT OPTIMAL | V86: PLN | W86: 1242 | X86: SMK NEGERI 7 BERAU | Y86: 1665000
A87: =A86+1 -> 85 | B87: BERAU | C87: TABALAR | D87: BUYUNG-BUYUNG | E87: KANTOR DESA | F87: 1.83731660281421 | G87: 117.77251957837314 | H87: TELKOMSEL | I87: ORBIT | J87: Kuota 400Gb | K87: TERPASANG | N87: <= 150GB | O87: <= 150GB | P87: <= 150GB | Q87: <= 50GB | R87: <= 100GB | U87: =IFERROR(__xludf.DUMMYFUNCTION("LET( angka_murni, ARRAYFORMULA(IFERROR(VALUE(REGEXREPLACE(L87:T87, ""[^0-9]"", """")), 0)), rata, IFERROR(AVERAGEIF(angka_murni, "">0""), 0), IF(rata > 0, IF(rata > 500, ""SANGAT OPTIMAL"", IF(rata > 200, ""OPTIMAL"", IF(rata > 100, "&"""KURANG OPTIMAL"", ""TIDAK OPTIMAL""))), IF(COUNTIF(L87:T87, ""*TIDAK TERDETEKSI*"") > 0, ""TIDAK TERDETEKSI"", IF(COUNTIF(L87:T87, ""*TIDAK AKTIF*"") > 0, ""TIDAK AKTIF"", IF(COUNTIF(L87:T87, ""*BELUM TERPASANG*"") > 0, ""BELUM TERPASAN"&"G"", ""TIDAK AKTIF""))) ) )"),"KURANG OPTIMAL") -> KURANG OPTIMAL | V87: PLN | W87: 2220 | X87: SMK NEGERI 7 BERAU | Y87: 768950
A88: =A87+1 -> 86 | B88: BERAU | C88: TABALAR | D88: HARAPAN MAJU | E88: KANTOR DESA | F88: 1.7162356801101053 | G88: 117.96059472866186 | H88: TELKOMSEL | I88: ORBIT | J88: Kuota 400Gb | K88: TERPASANG | N88: 0GB | O88: 0GB | P88: 0GB | Q88: 0GB | R88: 0GB | U88: =IFERROR(__xludf.DUMMYFUNCTION("LET( angka_murni, ARRAYFORMULA(IFERROR(VALUE(REGEXREPLACE(L88:T88, ""[^0-9]"", """")), 0)), rata, IFERROR(AVERAGEIF(angka_murni, "">0""), 0), IF(rata > 0, IF(rata > 500, ""SANGAT OPTIMAL"", IF(rata > 200, ""OPTIMAL"", IF(rata > 100, "&"""KURANG OPTIMAL"", ""TIDAK OPTIMAL""))), IF(COUNTIF(L88:T88, ""*TIDAK TERDETEKSI*"") > 0, ""TIDAK TERDETEKSI"", IF(COUNTIF(L88:T88, ""*TIDAK AKTIF*"") > 0, ""TIDAK AKTIF"", IF(COUNTIF(L88:T88, ""*BELUM TERPASANG*"") > 0, ""BELUM TERPASAN"&"G"", ""TIDAK AKTIF""))) ) )"),"TIDAK AKTIF") -> TIDAK AKTIF | V88: PLN | W88: 1164 | X88: SMK NEGERI 7 BERAU | Y88: 768950
A89: =A88+1 -> 87 | B89: BERAU | C89: TALISAYAN | D89: DUMARING | E89: KANTOR DESA | F89: 1.5755710743570372 | G89: 118.20004078682504 | H89: TELKOM | I89: WMS | J89: Bandwidth 50Mbps | K89: TERPASANG | U89: =IFERROR(__xludf.DUMMYFUNCTION("LET( angka_murni, ARRAYFORMULA(IFERROR(VALUE(REGEXREPLACE(L89:T89, ""[^0-9]"", """")), 0)), rata, IFERROR(AVERAGEIF(angka_murni, "">0""), 0), IF(rata > 0, IF(rata > 500, ""SANGAT OPTIMAL"", IF(rata > 200, ""OPTIMAL"", IF(rata > 100, "&"""KURANG OPTIMAL"", ""TIDAK OPTIMAL""))), IF(COUNTIF(L89:T89, ""*TIDAK TERDETEKSI*"") > 0, ""TIDAK TERDETEKSI"", IF(COUNTIF(L89:T89, ""*TIDAK AKTIF*"") > 0, ""TIDAK AKTIF"", IF(COUNTIF(L89:T89, ""*BELUM TERPASANG*"") > 0, ""BELUM TERPASAN"&"G"", ""TIDAK AKTIF""))) ) )"),"TIDAK AKTIF") -> TIDAK AKTIF | V89: PLN | W89: 1904 | X89: SMK NEGERI 8, SMAN 3, SMAN 11 & SMAN 13 BERAU | Y89: 638250 | Z89: https://www.dumaring.berdesa.id/
A90: =A89+1 -> 88 | B90: BERAU | C90: TALISAYAN | D90: TALISAYAN | E90: KANTOR DESA | F90: 1.608891584550344 | G90: 118.17352026957002 | H90: TELKOM | I90: WMS | J90: Bandwidth 50Mbps | K90: TERPASANG | U90: =IFERROR(__xludf.DUMMYFUNCTION("LET( angka_murni, ARRAYFORMULA(IFERROR(VALUE(REGEXREPLACE(L90:T90, ""[^0-9]"", """")), 0)), rata, IFERROR(AVERAGEIF(angka_murni, "">0""), 0), IF(rata > 0, IF(rata > 500, ""SANGAT OPTIMAL"", IF(rata > 200, ""OPTIMAL"", IF(rata > 100, "&"""KURANG OPTIMAL"", ""TIDAK OPTIMAL""))), IF(COUNTIF(L90:T90, ""*TIDAK TERDETEKSI*"") > 0, ""TIDAK TERDETEKSI"", IF(COUNTIF(L90:T90, ""*TIDAK AKTIF*"") > 0, ""TIDAK AKTIF"", IF(COUNTIF(L90:T90, ""*BELUM TERPASANG*"") > 0, ""BELUM TERPASAN"&"G"", ""TIDAK AKTIF""))) ) )"),"TIDAK AKTIF") -> TIDAK AKTIF | V90: PLN | W90: 5094 | X90: SMK NEGERI 8, SMAN 3, SMAN 11 & SMAN 13 BERAU | Y90: 638250 | Z90: https://kec-talisayan.beraukab.go.id/
A91: =A90+1 -> 89 | B91: BERAU | C91: TALISAYAN | D91: CAMPUR SARI | E91: KANTOR DESA | F91: 1.5118652617223163 | G91: 118.15905613103631 | H91: COMTELINDO | I91: WMS | J91: Bandwidth 30Mbps | K91: TERPASANG | L91: <= 1GB | M91: <= 1GB | N91: <= 1GB | O91: <= 10GB | P91: <= 10GB | Q91: <= 1GB | R91: >1000GB | U91: =IFERROR(__xludf.DUMMYFUNCTION("LET( angka_murni, ARRAYFORMULA(IFERROR(VALUE(REGEXREPLACE(L91:T91, ""[^0-9]"", """")), 0)), rata, IFERROR(AVERAGEIF(angka_murni, "">0""), 0), IF(rata > 0, IF(rata > 500, ""SANGAT OPTIMAL"", IF(rata > 200, ""OPTIMAL"", IF(rata > 100, "&"""KURANG OPTIMAL"", ""TIDAK OPTIMAL""))), IF(COUNTIF(L91:T91, ""*TIDAK TERDETEKSI*"") > 0, ""TIDAK TERDETEKSI"", IF(COUNTIF(L91:T91, ""*TIDAK AKTIF*"") > 0, ""TIDAK AKTIF"", IF(COUNTIF(L91:T91, ""*BELUM TERPASANG*"") > 0, ""BELUM TERPASAN"&"G"", ""TIDAK AKTIF""))) ) )"),"KURANG OPTIMAL") -> KURANG OPTIMAL | V91: PLN | W91: 1358 | X91: SMK NEGERI 8, SMAN 3, SMAN 11 & SMAN 13 BERAU | Y91: 1665000
A92: =A91+1 -> 90 | B92: BERAU | C92: TALISAYAN | D92: BUMI JAYA | E92: KANTOR DESA | F92: 1.519415125867297 | G92: 118.24096079019951 | H92: TELKOMSAT | I92: STARLINK | J92: Kuota FUP 2000GB | K92: TERPASANG | N92: <= 150GB | O92: <= 150GB | P92: <= 100GB | U92: =IFERROR(__xludf.DUMMYFUNCTION("LET( angka_murni, ARRAYFORMULA(IFERROR(VALUE(REGEXREPLACE(L92:T92, ""[^0-9]"", """")), 0)), rata, IFERROR(AVERAGEIF(angka_murni, "">0""), 0), IF(rata > 0, IF(rata > 500, ""SANGAT OPTIMAL"", IF(rata > 200, ""OPTIMAL"", IF(rata > 100, "&"""KURANG OPTIMAL"", ""TIDAK OPTIMAL""))), IF(COUNTIF(L92:T92, ""*TIDAK TERDETEKSI*"") > 0, ""TIDAK TERDETEKSI"", IF(COUNTIF(L92:T92, ""*TIDAK AKTIF*"") > 0, ""TIDAK AKTIF"", IF(COUNTIF(L92:T92, ""*BELUM TERPASANG*"") > 0, ""BELUM TERPASAN"&"G"", ""TIDAK AKTIF""))) ) )"),"KURANG OPTIMAL") -> KURANG OPTIMAL | V92: PLN | W92: 2198 | X92: SMK NEGERI 8, SMAN 3, SMAN 11 & SMAN 13 BERAU | Y92: 1665000
A93: =A92+1 -> 91 | B93: BERAU | C93: TALISAYAN | D93: TUNGGAL BUMI | E93: KANTOR DESA | F93: 1.3658876609538448 | G93: 118.17032245492811 | H93: COMTELINDO | I93: WMS | J93: Bandwidth 30Mbps | K93: TERPASANG | L93: <= 100GB | M93: <= 100GB | N93: <= 50GB | O93: <= 100GB | P93: <= 100GB | Q93: <= 50GB | R93: <= 50GB | U93: =IFERROR(__xludf.DUMMYFUNCTION("LET( angka_murni, ARRAYFORMULA(IFERROR(VALUE(REGEXREPLACE(L93:T93, ""[^0-9]"", """")), 0)), rata, IFERROR(AVERAGEIF(angka_murni, "">0""), 0), IF(rata > 0, IF(rata > 500, ""SANGAT OPTIMAL"", IF(rata > 200, ""OPTIMAL"", IF(rata > 100, "&"""KURANG OPTIMAL"", ""TIDAK OPTIMAL""))), IF(COUNTIF(L93:T93, ""*TIDAK TERDETEKSI*"") > 0, ""TIDAK TERDETEKSI"", IF(COUNTIF(L93:T93, ""*TIDAK AKTIF*"") > 0, ""TIDAK AKTIF"", IF(COUNTIF(L93:T93, ""*BELUM TERPASANG*"") > 0, ""BELUM TERPASAN"&"G"", ""TIDAK AKTIF""))) ) )"),"TIDAK OPTIMAL") -> TIDAK OPTIMAL | V93: PLN | W93: 979 | X93: SMK NEGERI 8, SMAN 3, SMAN 11 & SMAN 13 BERAU | Y93: 1665000
A94: =A93+1 -> 92 | B94: BERAU | C94: TALISAYAN | D94: SUMBER MULYA | E94: KANTOR DESA | F94: 1.5602747619757795 | G94: 118.09134669206769 | H94: TELKOMSEL | I94: ORBIT | J94: Kuota 400Gb | K94: TERPASANG | N94: <= 200GB | O94: <= 200GB | P94: <= 200GB | Q94: <= 500GB | R94: <= 500GB | U94: =IFERROR(__xludf.DUMMYFUNCTION("LET( angka_murni, ARRAYFORMULA(IFERROR(VALUE(REGEXREPLACE(L94:T94, ""[^0-9]"", """")), 0)), rata, IFERROR(AVERAGEIF(angka_murni, "">0""), 0), IF(rata > 0, IF(rata > 500, ""SANGAT OPTIMAL"", IF(rata > 200, ""OPTIMAL"", IF(rata > 100, "&"""KURANG OPTIMAL"", ""TIDAK OPTIMAL""))), IF(COUNTIF(L94:T94, ""*TIDAK TERDETEKSI*"") > 0, ""TIDAK TERDETEKSI"", IF(COUNTIF(L94:T94, ""*TIDAK AKTIF*"") > 0, ""TIDAK AKTIF"", IF(COUNTIF(L94:T94, ""*BELUM TERPASANG*"") > 0, ""BELUM TERPASAN"&"G"", ""TIDAK AKTIF""))) ) )"),"OPTIMAL") -> OPTIMAL | V94: PLN | W94: 1088 | X94: SMK NEGERI 8, SMAN 3, SMAN 11 & SMAN 13 BERAU | Y94: 768950
A95: =A94+1 -> 93 | B95: BERAU | C95: TALISAYAN | D95: SUKA MURYA | E95: KANTOR DESA | F95: 1.5682111757449444 | G95: 118.16108497319644 | H95: TELKOMSEL | I95: ORBIT | J95: Kuota 400Gb | K95: TERPASANG | N95: 0GB | O95: 0GB | P95: 0GB | Q95: 0GB | R95: 0GB | U95: =IFERROR(__xludf.DUMMYFUNCTION("LET( angka_murni, ARRAYFORMULA(IFERROR(VALUE(REGEXREPLACE(L95:T95, ""[^0-9]"", """")), 0)), rata, IFERROR(AVERAGEIF(angka_murni, "">0""), 0), IF(rata > 0, IF(rata > 500, ""SANGAT OPTIMAL"", IF(rata > 200, ""OPTIMAL"", IF(rata > 100, "&"""KURANG OPTIMAL"", ""TIDAK OPTIMAL""))), IF(COUNTIF(L95:T95, ""*TIDAK TERDETEKSI*"") > 0, ""TIDAK TERDETEKSI"", IF(COUNTIF(L95:T95, ""*TIDAK AKTIF*"") > 0, ""TIDAK AKTIF"", IF(COUNTIF(L95:T95, ""*BELUM TERPASANG*"") > 0, ""BELUM TERPASAN"&"G"", ""TIDAK AKTIF""))) ) )"),"TIDAK AKTIF") -> TIDAK AKTIF | V95: PLN | W95: 1310 | X95: SMK NEGERI 8, SMAN 3, SMAN 11 & SMAN 13 BERAU | Y95: 768950
A96: =A95+1 -> 94 | B96: BERAU | C96: TALISAYAN | D96: PURNA SARI JAYA | E96: KANTOR DESA | F96: 1.5370194218828523 | G96: 118.13954425753559 | H96: TELKOMSEL | I96: ORBIT | J96: Kuota 400Gb | K96: TERPASANG | N96: <= 500GB | O96: <= 500GB | P96: <= 500GB | Q96: <= 500GB | R96: <= 500GB | U96: =IFERROR(__xludf.DUMMYFUNCTION("LET( angka_murni, ARRAYFORMULA(IFERROR(VALUE(REGEXREPLACE(L96:T96, ""[^0-9]"", """")), 0)), rata, IFERROR(AVERAGEIF(angka_murni, "">0""), 0), IF(rata > 0, IF(rata > 500, ""SANGAT OPTIMAL"", IF(rata > 200, ""OPTIMAL"", IF(rata > 100, "&"""KURANG OPTIMAL"", ""TIDAK OPTIMAL""))), IF(COUNTIF(L96:T96, ""*TIDAK TERDETEKSI*"") > 0, ""TIDAK TERDETEKSI"", IF(COUNTIF(L96:T96, ""*TIDAK AKTIF*"") > 0, ""TIDAK AKTIF"", IF(COUNTIF(L96:T96, ""*BELUM TERPASANG*"") > 0, ""BELUM TERPASAN"&"G"", ""TIDAK AKTIF""))) ) )"),"OPTIMAL") -> OPTIMAL | V96: PLN | W96: 1035 | X96: SMK NEGERI 8, SMAN 3, SMAN 11 & SMAN 13 BERAU | Y96: 768950
A97: =A96+1 -> 95 | B97: BERAU | C97: TALISAYAN | D97: EKA SAPTA | E97: KANTOR DESA | F97: 1.5564191470714022 | G97: 118.10209687087696 | H97: TELKOMSEL | I97: ORBIT | J97: Kuota 400Gb | K97: TERPASANG | N97: <= 500GB | O97: <= 500GB | P97: <= 500GB | Q97: <= 500GB | R97: <= 500GB | U97: =IFERROR(__xludf.DUMMYFUNCTION("LET( angka_murni, ARRAYFORMULA(IFERROR(VALUE(REGEXREPLACE(L97:T97, ""[^0-9]"", """")), 0)), rata, IFERROR(AVERAGEIF(angka_murni, "">0""), 0), IF(rata > 0, IF(rata > 500, ""SANGAT OPTIMAL"", IF(rata > 200, ""OPTIMAL"", IF(rata > 100, "&"""KURANG OPTIMAL"", ""TIDAK OPTIMAL""))), IF(COUNTIF(L97:T97, ""*TIDAK TERDETEKSI*"") > 0, ""TIDAK TERDETEKSI"", IF(COUNTIF(L97:T97, ""*TIDAK AKTIF*"") > 0, ""TIDAK AKTIF"", IF(COUNTIF(L97:T97, ""*BELUM TERPASANG*"") > 0, ""BELUM TERPASAN"&"G"", ""TIDAK AKTIF""))) ) )"),"OPTIMAL") -> OPTIMAL | V97: PLN | W97: 1321 | X97: SMK NEGERI 8, SMAN 3, SMAN 11 & SMAN 13 BERAU | Y97: 768950
A98: =A97+1 -> 96 | B98: BERAU | C98: TALISAYAN | D98: CAPUAK | E98: POSYANDU | F98: 1.534799 | G98: 118.239795 | H98: BESTCAMP | I98: STARLINK | J98: Kuota FUP 100GB | K98: TERPASANG | L98: <= 500GB | M98: <= 500GB | N98: <= 500GB | O98: <= 200GB | P98: <= 200GB | Q98: <= 200GB | U98: =IFERROR(__xludf.DUMMYFUNCTION("LET( angka_murni, ARRAYFORMULA(IFERROR(VALUE(REGEXREPLACE(L98:T98, ""[^0-9]"", """")), 0)), rata, IFERROR(AVERAGEIF(angka_murni, "">0""), 0), IF(rata > 0, IF(rata > 500, ""SANGAT OPTIMAL"", IF(rata > 200, ""OPTIMAL"", IF(rata > 100, "&"""KURANG OPTIMAL"", ""TIDAK OPTIMAL""))), IF(COUNTIF(L98:T98, ""*TIDAK TERDETEKSI*"") > 0, ""TIDAK TERDETEKSI"", IF(COUNTIF(L98:T98, ""*TIDAK AKTIF*"") > 0, ""TIDAK AKTIF"", IF(COUNTIF(L98:T98, ""*BELUM TERPASANG*"") > 0, ""BELUM TERPASAN"&"G"", ""TIDAK AKTIF""))) ) )"),"OPTIMAL") -> OPTIMAL | V98: PLN | W98: 2029 | X98: SMK NEGERI 8, SMAN 3, SMAN 11 & SMAN 13 BERAU | Y98: 2553000
A99: =A98+1 -> 97 | B99: BERAU | C99: TELUK BAYUR | D99: TUMBIT MELAYU | E99: KANTOR DESA | F99: 2.014899955449577 | G99: 117.33547037108995 | H99: TELKOM | I99: WMS | J99: Bandwidth 50Mbps | K99: TERPASANG | U99: =IFERROR(__xludf.DUMMYFUNCTION("LET( angka_murni, ARRAYFORMULA(IFERROR(VALUE(REGEXREPLACE(L99:T99, ""[^0-9]"", """")), 0)), rata, IFERROR(AVERAGEIF(angka_murni, "">0""), 0), IF(rata > 0, IF(rata > 500, ""SANGAT OPTIMAL"", IF(rata > 200, ""OPTIMAL"", IF(rata > 100, "&"""KURANG OPTIMAL"", ""TIDAK OPTIMAL""))), IF(COUNTIF(L99:T99, ""*TIDAK TERDETEKSI*"") > 0, ""TIDAK TERDETEKSI"", IF(COUNTIF(L99:T99, ""*TIDAK AKTIF*"") > 0, ""TIDAK AKTIF"", IF(COUNTIF(L99:T99, ""*BELUM TERPASANG*"") > 0, ""BELUM TERPASAN"&"G"", ""TIDAK AKTIF""))) ) )"),"TIDAK AKTIF") -> TIDAK AKTIF | V99: PLN | W99: 3256 | X99: SMAN 2 & SMAN 6 BERAU | Y99: 638250 | Z99: https://tumbitmelayu.id/
A100: =A99+1 -> 98 | B100: BERAU | C100: TELUK BAYUR | D100: LABANAN JAYA | E100: KANTOR DESA | F100: 2.066518948026063 | G100: 117.30302651568128 | H100: TELKOM | I100: WMS | J100: Bandwidth 50Mbps | K100: TERPASANG | U100: =IFERROR(__xludf.DUMMYFUNCTION("LET( angka_murni, ARRAYFORMULA(IFERROR(VALUE(REGEXREPLACE(L100:T100, ""[^0-9]"", """")), 0)), rata, IFERROR(AVERAGEIF(angka_murni, "">0""), 0), IF(rata > 0, IF(rata > 500, ""SANGAT OPTIMAL"", IF(rata > 200, ""OPTIMAL"", IF(rata > 100,"&" ""KURANG OPTIMAL"", ""TIDAK OPTIMAL""))), IF(COUNTIF(L100:T100, ""*TIDAK TERDETEKSI*"") > 0, ""TIDAK TERDETEKSI"", IF(COUNTIF(L100:T100, ""*TIDAK AKTIF*"") > 0, ""TIDAK AKTIF"", IF(COUNTIF(L100:T100, ""*BELUM TERPASANG*"") > 0, ""BELUM T"&"ERPASANG"", ""TIDAK AKTIF""))) ) )"),"TIDAK AKTIF") -> TIDAK AKTIF | V100: PLN | W100: 3261 | X100: SMAN 2 & SMAN 6 BERAU | Y100: 638250 | Z100: https://labananjaya.id/
A101: =A100+1 -> 99 | B101: BERAU | C101: TELUK BAYUR | D101: LABANAN MAKMUR | E101: KANTOR DESA | F101: 2.0659115243405277 | G101: 117.30369450682096 | H101: TELKOM | I101: WMS | J101: Bandwidth 50Mbps | K101: TERPASANG | U101: =IFERROR(__xludf.DUMMYFUNCTION("LET( angka_murni, ARRAYFORMULA(IFERROR(VALUE(REGEXREPLACE(L101:T101, ""[^0-9]"", """")), 0)), rata, IFERROR(AVERAGEIF(angka_murni, "">0""), 0), IF(rata > 0, IF(rata > 500, ""SANGAT OPTIMAL"", IF(rata > 200, ""OPTIMAL"", IF(rata > 100,"&" ""KURANG OPTIMAL"", ""TIDAK OPTIMAL""))), IF(COUNTIF(L101:T101, ""*TIDAK TERDETEKSI*"") > 0, ""TIDAK TERDETEKSI"", IF(COUNTIF(L101:T101, ""*TIDAK AKTIF*"") > 0, ""TIDAK AKTIF"", IF(COUNTIF(L101:T101, ""*BELUM TERPASANG*"") > 0, ""BELUM T"&"ERPASANG"", ""TIDAK AKTIF""))) ) )"),"TIDAK AKTIF") -> TIDAK AKTIF | V101: PLN | W101: 4125 | X101: SMAN 2 & SMAN 6 BERAU | Y101: 638250 | Z101: https://labananmakmur.desa.id/
...

Sheet Not Optimal
A2: NO | B2: NAMA KABUPATEN | C2: NAMA KECAMATAN | D2: NAMA DESA | E2: TITIK PEMASANGAN | F2: KOORDINAT LINTANG | G2: KOORDINAT BUJUR | H2: ISP | I2: PRODUK | J2: STATUS | K2: JANUARI | L2: FEBRUARI | M2: MARET | N2: APRIL | O2: MEI | P2: HASIL EVALUASI | Q2: NAMA PIC | R2: KONTAK PC | S2: TINDAK LANJUT | T2: KENDALA | U2: LISTRIK | V2: JUMLAH PENDUDUK (JIWA) | W2: SMA/SMK | X2: BIAYA BULANAN | Y2: LINK
A3: 1 | B3: BERAU | C3: BATU PUTIH | D3: SUMBER AGUNG | E3: KANTOR DESA | F3: 1.4578195365757132 | G3: 118.31199995866533 | H3: TELKOMSEL | I3: ORBIT | J3: TERPASANG | M3: TIDAK AKTIF | N3: TIDAK AKTIF | O3: TIDAK AKTIF | P3: =IFERROR(__xludf.DUMMYFUNCTION("LET( angka_murni, ARRAYFORMULA(IFERROR(VALUE(REGEXREPLACE(K3:O3, ""[^0-9]"", """")), 0)), rata, IFERROR(AVERAGEIF(angka_murni, "">0""), 0), IF(rata > 0, IF(rata > 500, ""SANGAT OPTIMAL"", IF(rata > 200, ""OPTIMAL"", IF(rata > 100, ""K"&"URANG OPTIMAL"", ""TIDAK OPTIMAL""))), IF(COUNTIF(K3:O3, ""*TIDAK TERDETEKSI*"") > 0, ""TIDAK TERDETEKSI"", IF(COUNTIF(K3:O3, ""*TIDAK AKTIF*"") > 0, ""TIDAK AKTIF"", IF(COUNTIF(K3:O3, ""*BELUM TERPASANG*"") > 0, ""BELUM TERPASANG"", ""TI"&"DAK AKTIF""))) ) )"),"TIDAK AKTIF") -> TIDAK AKTIF | Q3: Masdi, S.Pd | R3: 0821 5493 1067 | U3: PLN | V3: 829 | W3: SMAN 10 BERAU | X3: 768950 | Y3: https://sumberagung.digitaldesa.id/
A4: =A3+1 -> 2 | B4: BERAU | C4: KELAY | D4: MUARA LESAN | E4: KANTOR DESA | F4: 1.708500 | G4: 117.172200 | H4: BESTCAMP | I4: STARLINK | J4: TERPASANG | K4: <= 50GB | L4: <= 500GB | M4: TIDAK AKTIF | N4: TIDAK AKTIF | O4: TIDAK AKTIF | P4: =IFERROR(__xludf.DUMMYFUNCTION("LET( angka_murni, ARRAYFORMULA(IFERROR(VALUE(REGEXREPLACE(K4:O4, ""[^0-9]"", """")), 0)), rata, IFERROR(AVERAGEIF(angka_murni, "">0""), 0), IF(rata > 0, IF(rata > 500, ""SANGAT OPTIMAL"", IF(rata > 200, ""OPTIMAL"", IF(rata > 100, ""K"&"URANG OPTIMAL"", ""TIDAK OPTIMAL""))), IF(COUNTIF(K4:O4, ""*TIDAK TERDETEKSI*"") > 0, ""TIDAK TERDETEKSI"", IF(COUNTIF(K4:O4, ""*TIDAK AKTIF*"") > 0, ""TIDAK AKTIF"", IF(COUNTIF(K4:O4, ""*BELUM TERPASANG*"") > 0, ""BELUM TERPASANG"", ""TI"&"DAK AKTIF""))) ) )"),"OPTIMAL") -> OPTIMAL | U4: Non PLN : Genset Desa/kampung,PLTS SHS | V4: 593 | W4: SMKN 4 BERAU | X4: 2553000 | Y4: https://www.muaralesan-berau.desa.id/
A5: =A4+1 -> 3 | B5: BERAU | C5: MARATUA | D5: PAYUNG-PAYUNG | E5: KANTOR DESA | F5: 2.1957777536222016 | G5: 118.5974885708768 | H5: TELKOMSEL | I5: ORBIT | J5: TERPASANG | M5: TIDAK AKTIF | N5: TIDAK AKTIF | O5: TIDAK AKTIF | P5: =IFERROR(__xludf.DUMMYFUNCTION("LET( angka_murni, ARRAYFORMULA(IFERROR(VALUE(REGEXREPLACE(K5:O5, ""[^0-9]"", """")), 0)), rata, IFERROR(AVERAGEIF(angka_murni, "">0""), 0), IF(rata > 0, IF(rata > 500, ""SANGAT OPTIMAL"", IF(rata > 200, ""OPTIMAL"", IF(rata > 100, ""K"&"URANG OPTIMAL"", ""TIDAK OPTIMAL""))), IF(COUNTIF(K5:O5, ""*TIDAK TERDETEKSI*"") > 0, ""TIDAK TERDETEKSI"", IF(COUNTIF(K5:O5, ""*TIDAK AKTIF*"") > 0, ""TIDAK AKTIF"", IF(COUNTIF(K5:O5, ""*BELUM TERPASANG*"") > 0, ""BELUM TERPASANG"", ""TI"&"DAK AKTIF""))) ) )"),"TIDAK AKTIF") -> TIDAK AKTIF | Q5: Rico | R5: 0813 4161 1564 | U5: PLN | V5: 797 | W5: SMAN 9 BERAU | X5: 768950
A6: =A5+1 -> 4 | B6: BERAU | C6: MARATUA | D6: TELUK HARAPAN | E6: KANTOR DESA | F6: 2.2482914307667574 | G6: 118.56399702121716 | H6: TELKOMSEL | I6: ORBIT | J6: TERPASANG | M6: TIDAK AKTIF | N6: TIDAK AKTIF | O6: TIDAK AKTIF | P6: =IFERROR(__xludf.DUMMYFUNCTION("LET( angka_murni, ARRAYFORMULA(IFERROR(VALUE(REGEXREPLACE(K6:O6, ""[^0-9]"", """")), 0)), rata, IFERROR(AVERAGEIF(angka_murni, "">0""), 0), IF(rata > 0, IF(rata > 500, ""SANGAT OPTIMAL"", IF(rata > 200, ""OPTIMAL"", IF(rata > 100, ""K"&"URANG OPTIMAL"", ""TIDAK OPTIMAL""))), IF(COUNTIF(K6:O6, ""*TIDAK TERDETEKSI*"") > 0, ""TIDAK TERDETEKSI"", IF(COUNTIF(K6:O6, ""*TIDAK AKTIF*"") > 0, ""TIDAK AKTIF"", IF(COUNTIF(K6:O6, ""*BELUM TERPASANG*"") > 0, ""BELUM TERPASANG"", ""TI"&"DAK AKTIF""))) ) )"),"TIDAK AKTIF") -> TIDAK AKTIF | Q6: Abnir Dani Lupi | R6: 0852 1779 2577 | U6: PLN | V6: 1284 | W6: SMAN 9 BERAU | X6: 768950 | Y6: https://telukharapan.id/
A7: =A6+1 -> 5 | B7: BERAU | C7: SEGAH | D7: PUNAN SEGAH | E7: KANTOR DESA | F7: 2.3764425889855696 | G7: 116.65596483779778 | H7: COMTELINDO | I7: WMS | J7: TERPASANG | K7: <= 150GB | L7: <= 50GB | M7: TIDAK AKTIF | N7: <= 150GB | O7: TIDAK AKTIF | P7: =IFERROR(__xludf.DUMMYFUNCTION("LET( angka_murni, ARRAYFORMULA(IFERROR(VALUE(REGEXREPLACE(K7:O7, ""[^0-9]"", """")), 0)), rata, IFERROR(AVERAGEIF(angka_murni, "">0""), 0), IF(rata > 0, IF(rata > 500, ""SANGAT OPTIMAL"", IF(rata > 200, ""OPTIMAL"", IF(rata > 100, ""K"&"URANG OPTIMAL"", ""TIDAK OPTIMAL""))), IF(COUNTIF(K7:O7, ""*TIDAK TERDETEKSI*"") > 0, ""TIDAK TERDETEKSI"", IF(COUNTIF(K7:O7, ""*TIDAK AKTIF*"") > 0, ""TIDAK AKTIF"", IF(COUNTIF(K7:O7, ""*BELUM TERPASANG*"") > 0, ""BELUM TERPASANG"", ""TI"&"DAK AKTIF""))) ) )"),"KURANG OPTIMAL") -> KURANG OPTIMAL | U7: Non PLN : Genset Desa/kampung,PLTS SHS | V7: 128 | W7: SMK NEGERI 5 BERAU | X7: 1665000
A8: =A7+1 -> 6 | B8: BERAU | C8: SEGAH | D8: PANDAN SARI | E8: KANTOR DESA | F8: 2.0774877630806916 | G8: 117.234147339748 | H8: TELKOMSEL | I8: ORBIT | J8: TERPASANG | M8: TIDAK AKTIF | N8: TIDAK AKTIF | O8: TIDAK AKTIF | P8: =IFERROR(__xludf.DUMMYFUNCTION("LET( angka_murni, ARRAYFORMULA(IFERROR(VALUE(REGEXREPLACE(K8:O8, ""[^0-9]"", """")), 0)), rata, IFERROR(AVERAGEIF(angka_murni, "">0""), 0), IF(rata > 0, IF(rata > 500, ""SANGAT OPTIMAL"", IF(rata > 200, ""OPTIMAL"", IF(rata > 100, ""K"&"URANG OPTIMAL"", ""TIDAK OPTIMAL""))), IF(COUNTIF(K8:O8, ""*TIDAK TERDETEKSI*"") > 0, ""TIDAK TERDETEKSI"", IF(COUNTIF(K8:O8, ""*TIDAK AKTIF*"") > 0, ""TIDAK AKTIF"", IF(COUNTIF(K8:O8, ""*BELUM TERPASANG*"") > 0, ""BELUM TERPASANG"", ""TI"&"DAK AKTIF""))) ) )"),"TIDAK AKTIF") -> TIDAK AKTIF | Q8: Ujang Ungau | R8: 0852 4701 2249 | U8: PLN | V8: 1422 | W8: SMK NEGERI 5 BERAU | X8: 768950 | Y8: https://desa-pandansari.id/
A9: =A8+1 -> 7 | B9: BERAU | C9: TABALAR | D9: TABALAR MUARA | E9: KANTOR DESA | F9: 1.7551738488066142 | G9: 117.97345249976799 | H9: TELKOMSEL | I9: ORBIT | J9: TERPASANG | M9: TIDAK AKTIF | N9: TIDAK AKTIF | O9: TIDAK AKTIF | P9: =IFERROR(__xludf.DUMMYFUNCTION("LET( angka_murni, ARRAYFORMULA(IFERROR(VALUE(REGEXREPLACE(K9:O9, ""[^0-9]"", """")), 0)), rata, IFERROR(AVERAGEIF(angka_murni, "">0""), 0), IF(rata > 0, IF(rata > 500, ""SANGAT OPTIMAL"", IF(rata > 200, ""OPTIMAL"", IF(rata > 100, ""K"&"URANG OPTIMAL"", ""TIDAK OPTIMAL""))), IF(COUNTIF(K9:O9, ""*TIDAK TERDETEKSI*"") > 0, ""TIDAK TERDETEKSI"", IF(COUNTIF(K9:O9, ""*TIDAK AKTIF*"") > 0, ""TIDAK AKTIF"", IF(COUNTIF(K9:O9, ""*BELUM TERPASANG*"") > 0, ""BELUM TERPASANG"", ""TI"&"DAK AKTIF""))) ) )"),"TIDAK AKTIF") -> TIDAK AKTIF | Q9: Frisnar Paysal | R9: 0852 4677 9059 | U9: PLN | V9: 1052 | W9: SMK NEGERI 7 BERAU | X9: 768950
A10: =A9+1 -> 8 | B10: BERAU | C10: TABALAR | D10: HARAPAN MAJU | E10: KANTOR DESA | F10: 1.7162356801101053 | G10: 117.96059472866186 | H10: TELKOMSEL | I10: ORBIT | J10: TERPASANG | M10: TIDAK AKTIF | N10: TIDAK AKTIF | O10: TIDAK AKTIF | P10: =IFERROR(__xludf.DUMMYFUNCTION("LET( angka_murni, ARRAYFORMULA(IFERROR(VALUE(REGEXREPLACE(K10:O10, ""[^0-9]"", """")), 0)), rata, IFERROR(AVERAGEIF(angka_murni, "">0""), 0), IF(rata > 0, IF(rata > 500, ""SANGAT OPTIMAL"", IF(rata > 200, ""OPTIMAL"", IF(rata > 100, "&"""KURANG OPTIMAL"", ""TIDAK OPTIMAL""))), IF(COUNTIF(K10:O10, ""*TIDAK TERDETEKSI*"") > 0, ""TIDAK TERDETEKSI"", IF(COUNTIF(K10:O10, ""*TIDAK AKTIF*"") > 0, ""TIDAK AKTIF"", IF(COUNTIF(K10:O10, ""*BELUM TERPASANG*"") > 0, ""BELUM TERPASAN"&"G"", ""TIDAK AKTIF""))) ) )"),"TIDAK AKTIF") -> TIDAK AKTIF | Q10: Hamzah | R10: 0822 5392 9779 | U10: PLN | V10: 1164 | W10: SMK NEGERI 7 BERAU | X10: 768950
A11: =A10+1 -> 9 | B11: BERAU | C11: TALISAYAN | D11: SUKA MURYA | E11: KANTOR DESA | F11: 1.5682111757449444 | G11: 118.16108497319644 | H11: TELKOMSEL | I11: ORBIT | J11: TERPASANG | M11: TIDAK AKTIF | N11: TIDAK AKTIF | O11: TIDAK AKTIF | P11: =IFERROR(__xludf.DUMMYFUNCTION("LET( angka_murni, ARRAYFORMULA(IFERROR(VALUE(REGEXREPLACE(K11:O11, ""[^0-9]"", """")), 0)), rata, IFERROR(AVERAGEIF(angka_murni, "">0""), 0), IF(rata > 0, IF(rata > 500, ""SANGAT OPTIMAL"", IF(rata > 200, ""OPTIMAL"", IF(rata > 100, "&"""KURANG OPTIMAL"", ""TIDAK OPTIMAL""))), IF(COUNTIF(K11:O11, ""*TIDAK TERDETEKSI*"") > 0, ""TIDAK TERDETEKSI"", IF(COUNTIF(K11:O11, ""*TIDAK AKTIF*"") > 0, ""TIDAK AKTIF"", IF(COUNTIF(K11:O11, ""*BELUM TERPASANG*"") > 0, ""BELUM TERPASAN"&"G"", ""TIDAK AKTIF""))) ) )"),"TIDAK AKTIF") -> TIDAK AKTIF | Q11: Poldi, A.Ma.Pd.S.D. | R11: 0821 5455 9188 | U11: PLN | V11: 1310 | W11: SMK NEGERI 8, SMAN 3, SMAN 11 & SMAN 13 BERAU | X11: 768950
A12: =A11+1 -> 10 | B12: KUTAI BARAT | C12: BENTIAN BESAR | D12: JELMU SIBAK | E12: KANTOR DESA | F12: -0.8786543998607228 | G12: 115.7456375291888 | H12: TELKOMSEL | I12: ORBIT | J12: TERPASANG | M12: TIDAK AKTIF | N12: TIDAK AKTIF | O12: TIDAK AKTIF | P12: =IFERROR(__xludf.DUMMYFUNCTION("LET( angka_murni, ARRAYFORMULA(IFERROR(VALUE(REGEXREPLACE(K12:O12, ""[^0-9]"", """")), 0)), rata, IFERROR(AVERAGEIF(angka_murni, "">0""), 0), IF(rata > 0, IF(rata > 500, ""SANGAT OPTIMAL"", IF(rata > 200, ""OPTIMAL"", IF(rata > 100, "&"""KURANG OPTIMAL"", ""TIDAK OPTIMAL""))), IF(COUNTIF(K12:O12, ""*TIDAK TERDETEKSI*"") > 0, ""TIDAK TERDETEKSI"", IF(COUNTIF(K12:O12, ""*TIDAK AKTIF*"") > 0, ""TIDAK AKTIF"", IF(COUNTIF(K12:O12, ""*BELUM TERPASANG*"") > 0, ""BELUM TERPASAN"&"G"", ""TIDAK AKTIF""))) ) )"),"TIDAK AKTIF") -> TIDAK AKTIF | Q12: Sakastian | R12: 0823 5750 2325 | U12: Non PLN : Genset Desa/kampung,PLTS SHS | V12: 528 | W12: SMAN 1 BENTIAN BESAR | X12: 768950
A13: =A12+1 -> 11 | B13: KUTAI BARAT | C13: BONGAN | D13: MUARA SIRAM | E13: KANTOR DESA | F13: -0.7477491579546033 | G13: 116.17935450017545 | H13: TELKOMSEL | I13: ORBIT | J13: TERPASANG | M13: TIDAK AKTIF | N13: TIDAK AKTIF | O13: TIDAK AKTIF | P13: =IFERROR(__xludf.DUMMYFUNCTION("LET( angka_murni, ARRAYFORMULA(IFERROR(VALUE(REGEXREPLACE(K13:O13, ""[^0-9]"", """")), 0)), rata, IFERROR(AVERAGEIF(angka_murni, "">0""), 0), IF(rata > 0, IF(rata > 500, ""SANGAT OPTIMAL"", IF(rata > 200, ""OPTIMAL"", IF(rata > 100, "&"""KURANG OPTIMAL"", ""TIDAK OPTIMAL""))), IF(COUNTIF(K13:O13, ""*TIDAK TERDETEKSI*"") > 0, ""TIDAK TERDETEKSI"", IF(COUNTIF(K13:O13, ""*TIDAK AKTIF*"") > 0, ""TIDAK AKTIF"", IF(COUNTIF(K13:O13, ""*BELUM TERPASANG*"") > 0, ""BELUM TERPASAN"&"G"", ""TIDAK AKTIF""))) ) )"),"TIDAK AKTIF") -> TIDAK AKTIF | Q13: Ardian | R13: 0815 4515 7476 | U13: PLN | V13: 964 | W13: SMKN 1 & SMAN 1 BONGAN | X13: 768950
A14: =A13+1 -> 12 | B14: KUTAI BARAT | C14: MOOK MANAAR BULATN | D14: MERAYAQ | E14: KANTOR DESA | F14: -0.13742964991336454 | G14: 115.8160478903606 | H14: COMTELINDO | I14: WMS | J14: TERPASANG | K14: TIDAK AKTIF | L14: TIDAK AKTIF | M14: TIDAK AKTIF | N14: <= 10GB | O14: TIDAK AKTIF | P14: =IFERROR(__xludf.DUMMYFUNCTION("LET( angka_murni, ARRAYFORMULA(IFERROR(VALUE(REGEXREPLACE(K14:O14, ""[^0-9]"", """")), 0)), rata, IFERROR(AVERAGEIF(angka_murni, "">0""), 0), IF(rata > 0, IF(rata > 500, ""SANGAT OPTIMAL"", IF(rata > 200, ""OPTIMAL"", IF(rata > 100, "&"""KURANG OPTIMAL"", ""TIDAK OPTIMAL""))), IF(COUNTIF(K14:O14, ""*TIDAK TERDETEKSI*"") > 0, ""TIDAK TERDETEKSI"", IF(COUNTIF(K14:O14, ""*TIDAK AKTIF*"") > 0, ""TIDAK AKTIF"", IF(COUNTIF(K14:O14, ""*BELUM TERPASANG*"") > 0, ""BELUM TERPASAN"&"G"", ""TIDAK AKTIF""))) ) )"),"TIDAK OPTIMAL") -> TIDAK OPTIMAL | U14: PLN | V14: 244 | W14: SMKN 1 & SMAN 1 MOOK MANAAR BULATN | X14: 1665000
A15: =A14+1 -> 13 | B15: KUTAI BARAT | C15: MOOK MANAAR BULATN | D15: LINGGANG MARIMUN | E15: KANTOR DESA | F15: -0.07297415753918389 | G15: 115.773775213154 | H15: COMTELINDO | I15: WMS | J15: TERPASANG | K15: TIDAK TERDETEKSI | L15: TIDAK TERDETEKSI | M15: TIDAK TERDETEKSI | N15: TIDAK TERDETEKSI | O15: TIDAK TERDETEKSI | P15: =IFERROR(__xludf.DUMMYFUNCTION("LET( angka_murni, ARRAYFORMULA(IFERROR(VALUE(REGEXREPLACE(K15:O15, ""[^0-9]"", """")), 0)), rata, IFERROR(AVERAGEIF(angka_murni, "">0""), 0), IF(rata > 0, IF(rata > 500, ""SANGAT OPTIMAL"", IF(rata > 200, ""OPTIMAL"", IF(rata > 100, "&"""KURANG OPTIMAL"", ""TIDAK OPTIMAL""))), IF(COUNTIF(K15:O15, ""*TIDAK TERDETEKSI*"") > 0, ""TIDAK TERDETEKSI"", IF(COUNTIF(K15:O15, ""*TIDAK AKTIF*"") > 0, ""TIDAK AKTIF"", IF(COUNTIF(K15:O15, ""*BELUM TERPASANG*"") > 0, ""BELUM TERPASAN"&"G"", ""TIDAK AKTIF""))) ) )"),"TIDAK TERDETEKSI") -> TIDAK TERDETEKSI | U15: Non PLN : Genset Desa/kampung,PLTS SHS | V15: 1021 | W15: SMKN 1 & SMAN 1 MOOK MANAAR BULATN | X15: 1665000
A16: =A15+1 -> 14 | B16: KUTAI BARAT | C16: MOOK MANAAR BULATN | D16: GADUR | E16: KANTOR DESA | F16: -0.27041735941823736 | G16: 115.90284173841835 | H16: COMTELINDO | I16: WMS | J16: TERPASANG | K16: TIDAK AKTIF | L16: TIDAK AKTIF | M16: TIDAK AKTIF | N16: TIDAK AKTIF | O16: TIDAK AKTIF | P16: =IFERROR(__xludf.DUMMYFUNCTION("LET( angka_murni, ARRAYFORMULA(IFERROR(VALUE(REGEXREPLACE(K16:O16, ""[^0-9]"", """")), 0)), rata, IFERROR(AVERAGEIF(angka_murni, "">0""), 0), IF(rata > 0, IF(rata > 500, ""SANGAT OPTIMAL"", IF(rata > 200, ""OPTIMAL"", IF(rata > 100, "&"""KURANG OPTIMAL"", ""TIDAK OPTIMAL""))), IF(COUNTIF(K16:O16, ""*TIDAK TERDETEKSI*"") > 0, ""TIDAK TERDETEKSI"", IF(COUNTIF(K16:O16, ""*TIDAK AKTIF*"") > 0, ""TIDAK AKTIF"", IF(COUNTIF(K16:O16, ""*BELUM TERPASANG*"") > 0, ""BELUM TERPASAN"&"G"", ""TIDAK AKTIF""))) ) )"),"TIDAK AKTIF") -> TIDAK AKTIF | U16: PLN | V16: 391 | W16: SMKN 1 & SMAN 1 MOOK MANAAR BULATN | X16: 1665000 | Y16: https://gadur.nusadesa.id//
A17: =A16+1 -> 15 | B17: KUTAI BARAT | C17: MOOK MANAAR BULATN | D17: MUARA KALAQ | E17: KANTOR DESA | F17: -0.1034398256484514 | G17: 115.77321482065024 | H17: COMTELINDO | I17: WMS | J17: TERPASANG | K17: TIDAK TERDETEKSI | L17: TIDAK TERDETEKSI | M17: TIDAK TERDETEKSI | N17: TIDAK TERDETEKSI | O17: TIDAK TERDETEKSI | P17: =IFERROR(__xludf.DUMMYFUNCTION("LET( angka_murni, ARRAYFORMULA(IFERROR(VALUE(REGEXREPLACE(K17:O17, ""[^0-9]"", """")), 0)), rata, IFERROR(AVERAGEIF(angka_murni, "">0""), 0), IF(rata > 0, IF(rata > 500, ""SANGAT OPTIMAL"", IF(rata > 200, ""OPTIMAL"", IF(rata > 100, "&"""KURANG OPTIMAL"", ""TIDAK OPTIMAL""))), IF(COUNTIF(K17:O17, ""*TIDAK TERDETEKSI*"") > 0, ""TIDAK TERDETEKSI"", IF(COUNTIF(K17:O17, ""*TIDAK AKTIF*"") > 0, ""TIDAK AKTIF"", IF(COUNTIF(K17:O17, ""*BELUM TERPASANG*"") > 0, ""BELUM TERPASAN"&"G"", ""TIDAK AKTIF""))) ) )"),"TIDAK TERDETEKSI") -> TIDAK TERDETEKSI | U17: Non PLN : Genset Desa/kampung,PLTS SHS | V17: 216 | W17: SMKN 1 & SMAN 1 MOOK MANAAR BULATN | X17: 1665000 | Y17: https://kampungmuarakalaq.id/
A18: =A17+1 -> 16 | B18: KUTAI BARAT | C18: MUARA LAWA | D18: MUARA BEGAI | E18: KANTOR DESA | F18: -0.5837256067032629 | G18: 115.71010773336087 | H18: TELKOMSEL | I18: ORBIT | J18: TERPASANG | M18: TIDAK AKTIF | N18: TIDAK AKTIF | O18: TIDAK AKTIF | P18: =IFERROR(__xludf.DUMMYFUNCTION("LET( angka_murni, ARRAYFORMULA(IFERROR(VALUE(REGEXREPLACE(K18:O18, ""[^0-9]"", """")), 0)), rata, IFERROR(AVERAGEIF(angka_murni, "">0""), 0), IF(rata > 0, IF(rata > 500, ""SANGAT OPTIMAL"", IF(rata > 200, ""OPTIMAL"", IF(rata > 100, "&"""KURANG OPTIMAL"", ""TIDAK OPTIMAL""))), IF(COUNTIF(K18:O18, ""*TIDAK TERDETEKSI*"") > 0, ""TIDAK TERDETEKSI"", IF(COUNTIF(K18:O18, ""*TIDAK AKTIF*"") > 0, ""TIDAK AKTIF"", IF(COUNTIF(K18:O18, ""*BELUM TERPASANG*"") > 0, ""BELUM TERPASAN"&"G"", ""TIDAK AKTIF""))) ) )"),"TIDAK AKTIF") -> TIDAK AKTIF | Q18: Antonius. P | R18: 0813 5020 1670 | U18: PLN | V18: 8196 | W18: SMAN 1 MUARA LAWA | X18: 768950
A19: =A18+1 -> 17 | B19: KUTAI BARAT | C19: MUARA LAWA | D19: DINGIN | E19: KANTOR DESA | F19: -0.47642520711286424 | G19: 115.79760301834777 | H19: BESTCAMP | I19: STARLINK | J19: TERPASANG | K19: <= 10GB | L19: TIDAK AKTIF | M19: TIDAK AKTIF | N19: TIDAK AKTIF | O19: TIDAK AKTIF | P19: =IFERROR(__xludf.DUMMYFUNCTION("LET( angka_murni, ARRAYFORMULA(IFERROR(VALUE(REGEXREPLACE(K19:O19, ""[^0-9]"", """")), 0)), rata, IFERROR(AVERAGEIF(angka_murni, "">0""), 0), IF(rata > 0, IF(rata > 500, ""SANGAT OPTIMAL"", IF(rata > 200, ""OPTIMAL"", IF(rata > 100, "&"""KURANG OPTIMAL"", ""TIDAK OPTIMAL""))), IF(COUNTIF(K19:O19, ""*TIDAK TERDETEKSI*"") > 0, ""TIDAK TERDETEKSI"", IF(COUNTIF(K19:O19, ""*TIDAK AKTIF*"") > 0, ""TIDAK AKTIF"", IF(COUNTIF(K19:O19, ""*BELUM TERPASANG*"") > 0, ""BELUM TERPASAN"&"G"", ""TIDAK AKTIF""))) ) )"),"TIDAK OPTIMAL") -> TIDAK OPTIMAL | U19: PLN | V19: 1083 | W19: SMAN 1 MUARA LAWA | X19: 2553000
A20: =A19+1 -> 18 | B20: KUTAI BARAT | C20: PENYINGGAHAN | D20: PENYINGGAHAN ULU | E20: KANTOR DESA | F20: -0.3807539285053537 | G20: 116.22152399970584 | H20: TELKOMSEL | I20: ORBIT | J20: TERPASANG | M20: TIDAK AKTIF | N20: TIDAK AKTIF | O20: TIDAK AKTIF | P20: =IFERROR(__xludf.DUMMYFUNCTION("LET( angka_murni, ARRAYFORMULA(IFERROR(VALUE(REGEXREPLACE(K20:O20, ""[^0-9]"", """")), 0)), rata, IFERROR(AVERAGEIF(angka_murni, "">0""), 0), IF(rata > 0, IF(rata > 500, ""SANGAT OPTIMAL"", IF(rata > 200, ""OPTIMAL"", IF(rata > 100, "&"""KURANG OPTIMAL"", ""TIDAK OPTIMAL""))), IF(COUNTIF(K20:O20, ""*TIDAK TERDETEKSI*"") > 0, ""TIDAK TERDETEKSI"", IF(COUNTIF(K20:O20, ""*TIDAK AKTIF*"") > 0, ""TIDAK AKTIF"", IF(COUNTIF(K20:O20, ""*BELUM TERPASANG*"") > 0, ""BELUM TERPASAN"&"G"", ""TIDAK AKTIF""))) ) )"),"TIDAK AKTIF") -> TIDAK AKTIF | Q20: Kusnadi | R20: 0821 5421 6271 | U20: PLN | V20: 941 | W20: SMAN 1 PENYINGGAHAN | X20: 768950
A21: =A20+1 -> 19 | B21: KUTAI KARTANEGARA | C21: ANGGANA | D21: SUNGAI MERIAM | E21: KANTOR DESA | F21: -0.571 | G21: 117.265 | H21: TELKOMSEL | I21: INDIHOME | J21: TERPASANG | K21: TIDAK AKTIF | L21: TIDAK AKTIF | M21: TIDAK AKTIF | N21: TIDAK AKTIF | O21: TIDAK AKTIF | P21: =IFERROR(__xludf.DUMMYFUNCTION("LET( angka_murni, ARRAYFORMULA(IFERROR(VALUE(REGEXREPLACE(K21:O21, ""[^0-9]"", """")), 0)), rata, IFERROR(AVERAGEIF(angka_murni, "">0""), 0), IF(rata > 0, IF(rata > 500, ""SANGAT OPTIMAL"", IF(rata > 200, ""OPTIMAL"", IF(rata > 100, "&"""KURANG OPTIMAL"", ""TIDAK OPTIMAL""))), IF(COUNTIF(K21:O21, ""*TIDAK TERDETEKSI*"") > 0, ""TIDAK TERDETEKSI"", IF(COUNTIF(K21:O21, ""*TIDAK AKTIF*"") > 0, ""TIDAK AKTIF"", IF(COUNTIF(K21:O21, ""*BELUM TERPASANG*"") > 0, ""BELUM TERPASAN"&"G"", ""TIDAK AKTIF""))) ) )"),"TIDAK AKTIF") -> TIDAK AKTIF | U21: PLN | V21: 12121 | W21: SMKN 1 & SMAN 1 ANGGANA | X21: 604950 | Y21: Sungai Meriam
A22: =A21+1 -> 20 | B22: KUTAI KARTANEGARA | C22: KEMBANG JANGGUT | D22: LONG BELEH MODANG | E22: KANTOR DESA | F22: 0.3322653059261473 | G22: 116.16006289423218 | H22: TELKOMSEL | I22: ORBIT | J22: TERPASANG | M22: TIDAK AKTIF | N22: TIDAK AKTIF | O22: TIDAK AKTIF | P22: =IFERROR(__xludf.DUMMYFUNCTION("LET( angka_murni, ARRAYFORMULA(IFERROR(VALUE(REGEXREPLACE(K22:O22, ""[^0-9]"", """")), 0)), rata, IFERROR(AVERAGEIF(angka_murni, "">0""), 0), IF(rata > 0, IF(rata > 500, ""SANGAT OPTIMAL"", IF(rata > 200, ""OPTIMAL"", IF(rata > 100, "&"""KURANG OPTIMAL"", ""TIDAK OPTIMAL""))), IF(COUNTIF(K22:O22, ""*TIDAK TERDETEKSI*"") > 0, ""TIDAK TERDETEKSI"", IF(COUNTIF(K22:O22, ""*TIDAK AKTIF*"") > 0, ""TIDAK AKTIF"", IF(COUNTIF(K22:O22, ""*BELUM TERPASANG*"") > 0, ""BELUM TERPASAN"&"G"", ""TIDAK AKTIF""))) ) )"),"TIDAK AKTIF") -> TIDAK AKTIF | Q22: Amsar Bin Harun Sihotang | R22: 0852 3322 6200 | U22: PLN | V22: 3250 | W22: SMKN 1 & SMAN 1 KEMBANG JANGGUT | X22: 768950
A23: =A22+1 -> 21 | B23: KUTAI KARTANEGARA | C23: KEMBANG JANGGUT | D23: MUAI | E23: KANTOR DESA | F23: 0.29312408765161524 | G23: 116.1937070658113 | H23: TELKOMSEL | I23: ORBIT | J23: TERPASANG | M23: TIDAK AKTIF | N23: TIDAK AKTIF | O23: TIDAK AKTIF | P23: =IFERROR(__xludf.DUMMYFUNCTION("LET( angka_murni, ARRAYFORMULA(IFERROR(VALUE(REGEXREPLACE(K23:O23, ""[^0-9]"", """")), 0)), rata, IFERROR(AVERAGEIF(angka_murni, "">0""), 0), IF(rata > 0, IF(rata > 500, ""SANGAT OPTIMAL"", IF(rata > 200, ""OPTIMAL"", IF(rata > 100, "&"""KURANG OPTIMAL"", ""TIDAK OPTIMAL""))), IF(COUNTIF(K23:O23, ""*TIDAK TERDETEKSI*"") > 0, ""TIDAK TERDETEKSI"", IF(COUNTIF(K23:O23, ""*TIDAK AKTIF*"") > 0, ""TIDAK AKTIF"", IF(COUNTIF(K23:O23, ""*BELUM TERPASANG*"") > 0, ""BELUM TERPASAN"&"G"", ""TIDAK AKTIF""))) ) )"),"TIDAK AKTIF") -> TIDAK AKTIF | Q23: Ali Husni | R23: 0812 5749 7446 | U23: PLN | V23: 2109 | W23: SMKN 1 & SMAN 1 KEMBANG JANGGUT | X23: 768950
A24: =A23+1 -> 22 | B24: KUTAI KARTANEGARA | C24: LOA KULU | D24: JEMBAYAN | E24: KANTOR DESA | F24: -0.552 | G24: 117.020 | H24: TELKOMSEL | I24: INDIHOME | J24: TERPASANG | K24: <= 500GB | L24: <= 500GB | M24: TIDAK AKTIF | N24: TIDAK AKTIF | O24: TIDAK AKTIF | P24: =IFERROR(__xludf.DUMMYFUNCTION("LET( angka_murni, ARRAYFORMULA(IFERROR(VALUE(REGEXREPLACE(K24:O24, ""[^0-9]"", """")), 0)), rata, IFERROR(AVERAGEIF(angka_murni, "">0""), 0), IF(rata > 0, IF(rata > 500, ""SANGAT OPTIMAL"", IF(rata > 200, ""OPTIMAL"", IF(rata > 100, "&"""KURANG OPTIMAL"", ""TIDAK OPTIMAL""))), IF(COUNTIF(K24:O24, ""*TIDAK TERDETEKSI*"") > 0, ""TIDAK TERDETEKSI"", IF(COUNTIF(K24:O24, ""*TIDAK AKTIF*"") > 0, ""TIDAK AKTIF"", IF(COUNTIF(K24:O24, ""*BELUM TERPASANG*"") > 0, ""BELUM TERPASAN"&"G"", ""TIDAK AKTIF""))) ) )"),"OPTIMAL") -> OPTIMAL | U24: PLN | V24: 5230 | W24: SMAN 1, SMAN 2 & SMKN 3 LOA KULU | X24: 604950
A25: =A24+1 -> 23 | B25: KUTAI KARTANEGARA | C25: LOA KULU | D25: JONGKANG | E25: KANTOR DESA | F25: -0.462 | G25: 117.021 | H25: TELKOMSEL | I25: INDIHOME | J25: TERPASANG | K25: TIDAK AKTIF | L25: TIDAK AKTIF | M25: TIDAK AKTIF | N25: TIDAK AKTIF | O25: TIDAK AKTIF | P25: =IFERROR(__xludf.DUMMYFUNCTION("LET( angka_murni, ARRAYFORMULA(IFERROR(VALUE(REGEXREPLACE(K25:O25, ""[^0-9]"", """")), 0)), rata, IFERROR(AVERAGEIF(angka_murni, "">0""), 0), IF(rata > 0, IF(rata > 500, ""SANGAT OPTIMAL"", IF(rata > 200, ""OPTIMAL"", IF(rata > 100, "&"""KURANG OPTIMAL"", ""TIDAK OPTIMAL""))), IF(COUNTIF(K25:O25, ""*TIDAK TERDETEKSI*"") > 0, ""TIDAK TERDETEKSI"", IF(COUNTIF(K25:O25, ""*TIDAK AKTIF*"") > 0, ""TIDAK AKTIF"", IF(COUNTIF(K25:O25, ""*BELUM TERPASANG*"") > 0, ""BELUM TERPASAN"&"G"", ""TIDAK AKTIF""))) ) )"),"TIDAK AKTIF") -> TIDAK AKTIF | U25: PLN | V25: 3524 | W25: SMAN 1, SMAN 2 & SMKN 3 LOA KULU | X25: 604950
A26: =A25+1 -> 24 | B26: KUTAI KARTANEGARA | C26: MUARA BADAK | D26: TANJUNG LIMAU | E26: KANTOR DESA | F26: -0.301 | G26: 117.442 | H26: TELKOMSEL | I26: INDIHOME | J26: TERPASANG | K26: TIDAK AKTIF | L26: TIDAK AKTIF | M26: TIDAK AKTIF | N26: TIDAK AKTIF | O26: TIDAK AKTIF | P26: =IFERROR(__xludf.DUMMYFUNCTION("LET( angka_murni, ARRAYFORMULA(IFERROR(VALUE(REGEXREPLACE(K26:O26, ""[^0-9]"", """")), 0)), rata, IFERROR(AVERAGEIF(angka_murni, "">0""), 0), IF(rata > 0, IF(rata > 500, ""SANGAT OPTIMAL"", IF(rata > 200, ""OPTIMAL"", IF(rata > 100, "&"""KURANG OPTIMAL"", ""TIDAK OPTIMAL""))), IF(COUNTIF(K26:O26, ""*TIDAK TERDETEKSI*"") > 0, ""TIDAK TERDETEKSI"", IF(COUNTIF(K26:O26, ""*TIDAK AKTIF*"") > 0, ""TIDAK AKTIF"", IF(COUNTIF(K26:O26, ""*BELUM TERPASANG*"") > 0, ""BELUM TERPASAN"&"G"", ""TIDAK AKTIF""))) ) )"),"TIDAK AKTIF") -> TIDAK AKTIF | T26: PERANGKAT DIMATIKAN KARENA KETIKA DIHIDUPKAN MENGGANGGU PERANGKAT LAIN | U26: PLN | V26: 4794 | W26: SMKN 1, SMAN 1 & SMAN 2 MUARA BADAK | X26: 604950 | Y26: https://tanjunglimau.digitaldesa.id/
A27: =A26+1 -> 25 | B27: KUTAI KARTANEGARA | C27: MUARA MUNTAI | D27: MUARA MUNTAI ULU | E27: KANTOR DESA | F27: -0.3471875947849973 | G27: 116.39024322710372 | H27: TELKOMSEL | I27: ORBIT | J27: TERPASANG | M27: TIDAK AKTIF | N27: TIDAK AKTIF | O27: TIDAK AKTIF | P27: =IFERROR(__xludf.DUMMYFUNCTION("LET( angka_murni, ARRAYFORMULA(IFERROR(VALUE(REGEXREPLACE(K27:O27, ""[^0-9]"", """")), 0)), rata, IFERROR(AVERAGEIF(angka_murni, "">0""), 0), IF(rata > 0, IF(rata > 500, ""SANGAT OPTIMAL"", IF(rata > 200, ""OPTIMAL"", IF(rata > 100, "&"""KURANG OPTIMAL"", ""TIDAK OPTIMAL""))), IF(COUNTIF(K27:O27, ""*TIDAK TERDETEKSI*"") > 0, ""TIDAK TERDETEKSI"", IF(COUNTIF(K27:O27, ""*TIDAK AKTIF*"") > 0, ""TIDAK AKTIF"", IF(COUNTIF(K27:O27, ""*BELUM TERPASANG*"") > 0, ""BELUM TERPASAN"&"G"", ""TIDAK AKTIF""))) ) )"),"TIDAK AKTIF") -> TIDAK AKTIF | Q27: Husain | R27: 0821 5750 5433 | U27: PLN | V27: 2192 | W27: SMKN 1, SMAN 1, SMAN 2 & SMAN 3 MUARA MUNTAI | X27: 768950
A28: =A27+1 -> 26 | B28: KUTAI KARTANEGARA | C28: MUARA MUNTAI | D28: TANJUNG BATUQ HARAPAN | E28: KANTOR DESA | F28: -0.336541519353223 | G28: 116.32289382228961 | H28: TELKOMSAT | I28: STARLINK | J28: TERPASANG | M28: TIDAK AKTIF | N28: TIDAK AKTIF | O28: TIDAK AKTIF | P28: =IFERROR(__xludf.DUMMYFUNCTION("LET( angka_murni, ARRAYFORMULA(IFERROR(VALUE(REGEXREPLACE(K28:O28, ""[^0-9]"", """")), 0)), rata, IFERROR(AVERAGEIF(angka_murni, "">0""), 0), IF(rata > 0, IF(rata > 500, ""SANGAT OPTIMAL"", IF(rata > 200, ""OPTIMAL"", IF(rata > 100, "&"""KURANG OPTIMAL"", ""TIDAK OPTIMAL""))), IF(COUNTIF(K28:O28, ""*TIDAK TERDETEKSI*"") > 0, ""TIDAK TERDETEKSI"", IF(COUNTIF(K28:O28, ""*TIDAK AKTIF*"") > 0, ""TIDAK AKTIF"", IF(COUNTIF(K28:O28, ""*BELUM TERPASANG*"") > 0, ""BELUM TERPASAN"&"G"", ""TIDAK AKTIF""))) ) )"),"TIDAK AKTIF") -> TIDAK AKTIF | U28: PLN | V28: 400 | W28: SMKN 1, SMAN 1, SMAN 2 & SMAN 3 MUARA MUNTAI | X28: 1665000
A29: =A28+1 -> 27 | B29: KUTAI KARTANEGARA | C29: MUARA MUNTAI | D29: PULAU HARAPAN | E29: KANTOR DESA | F29: -0.3551457128900903 | G29: 116.38498693137723 | H29: TELKOMSEL | I29: ORBIT | J29: TERPASANG | M29: TIDAK AKTIF | N29: TIDAK AKTIF | O29: TIDAK AKTIF | P29: =IFERROR(__xludf.DUMMYFUNCTION("LET( angka_murni, ARRAYFORMULA(IFERROR(VALUE(REGEXREPLACE(K29:O29, ""[^0-9]"", """")), 0)), rata, IFERROR(AVERAGEIF(angka_murni, "">0""), 0), IF(rata > 0, IF(rata > 500, ""SANGAT OPTIMAL"", IF(rata > 200, ""OPTIMAL"", IF(rata > 100, "&"""KURANG OPTIMAL"", ""TIDAK OPTIMAL""))), IF(COUNTIF(K29:O29, ""*TIDAK TERDETEKSI*"") > 0, ""TIDAK TERDETEKSI"", IF(COUNTIF(K29:O29, ""*TIDAK AKTIF*"") > 0, ""TIDAK AKTIF"", IF(COUNTIF(K29:O29, ""*BELUM TERPASANG*"") > 0, ""BELUM TERPASAN"&"G"", ""TIDAK AKTIF""))) ) )"),"TIDAK AKTIF") -> TIDAK AKTIF | Q29: Mawardi | R29: 0852 5032 1199 | U29: PLN | V29: 1287 | W29: SMKN 1, SMAN 1, SMAN 2 & SMAN 3 MUARA MUNTAI | X29: 768950
A30: =A29+1 -> 28 | B30: KUTAI KARTANEGARA | C30: MUARA WIS | D30: MUARA WIS | E30: KANTOR DESA | F30: -0.286 | G30: 116.528 | H30: TELKOMSEL | I30: INDIHOME | J30: TERPASANG | K30: TIDAK AKTIF | L30: TIDAK AKTIF | M30: TIDAK AKTIF | N30: TIDAK AKTIF | O30: TIDAK AKTIF | P30: =IFERROR(__xludf.DUMMYFUNCTION("LET( angka_murni, ARRAYFORMULA(IFERROR(VALUE(REGEXREPLACE(K30:O30, ""[^0-9]"", """")), 0)), rata, IFERROR(AVERAGEIF(angka_murni, "">0""), 0), IF(rata > 0, IF(rata > 500, ""SANGAT OPTIMAL"", IF(rata > 200, ""OPTIMAL"", IF(rata > 100, "&"""KURANG OPTIMAL"", ""TIDAK OPTIMAL""))), IF(COUNTIF(K30:O30, ""*TIDAK TERDETEKSI*"") > 0, ""TIDAK TERDETEKSI"", IF(COUNTIF(K30:O30, ""*TIDAK AKTIF*"") > 0, ""TIDAK AKTIF"", IF(COUNTIF(K30:O30, ""*BELUM TERPASANG*"") > 0, ""BELUM TERPASAN"&"G"", ""TIDAK AKTIF""))) ) )"),"TIDAK AKTIF") -> TIDAK AKTIF | U30: PLN | V30: 1982 | W30: SMAN 1 MUARA WIS | X30: 604950
A31: =A30+1 -> 29 | B31: KUTAI KARTANEGARA | C31: SEBULU | D31: TANJUNG HARAPAN | E31: KANTOR DESA | F31: -0.3194059187465963 | G31: 116.87034123610015 | H31: TELKOMSAT | I31: STARLINK | J31: TERPASANG | M31: TIDAK TERDETEKSI | N31: TIDAK TERDETEKSI | O31: TIDAK TERDETEKSI | P31: =IFERROR(__xludf.DUMMYFUNCTION("LET( angka_murni, ARRAYFORMULA(IFERROR(VALUE(REGEXREPLACE(K31:O31, ""[^0-9]"", """")), 0)), rata, IFERROR(AVERAGEIF(angka_murni, "">0""), 0), IF(rata > 0, IF(rata > 500, ""SANGAT OPTIMAL"", IF(rata > 200, ""OPTIMAL"", IF(rata > 100, "&"""KURANG OPTIMAL"", ""TIDAK OPTIMAL""))), IF(COUNTIF(K31:O31, ""*TIDAK TERDETEKSI*"") > 0, ""TIDAK TERDETEKSI"", IF(COUNTIF(K31:O31, ""*TIDAK AKTIF*"") > 0, ""TIDAK AKTIF"", IF(COUNTIF(K31:O31, ""*BELUM TERPASANG*"") > 0, ""BELUM TERPASAN"&"G"", ""TIDAK AKTIF""))) ) )"),"TIDAK TERDETEKSI") -> TIDAK TERDETEKSI | U31: PLN | V31: 1418 | W31: SMKN 1, SMKN 2, SMKN 3, SMAN 1 & SMAN 2 SEBULU | X31: 1665000
A32: =A31+1 -> 30 | B32: KUTAI KARTANEGARA | C32: SEBULU | D32: SEBULU MODEREN | E32: KANTOR DESA | F32: -0.288 | G32: 116.984 | H32: TELKOMSEL | I32: INDIHOME | J32: TERPASANG | K32: <= 100GB | L32: <= 50GB | M32: TIDAK AKTIF | N32: TIDAK AKTIF | O32: TIDAK AKTIF | P32: =IFERROR(__xludf.DUMMYFUNCTION("LET( angka_murni, ARRAYFORMULA(IFERROR(VALUE(REGEXREPLACE(K32:O32, ""[^0-9]"", """")), 0)), rata, IFERROR(AVERAGEIF(angka_murni, "">0""), 0), IF(rata > 0, IF(rata > 500, ""SANGAT OPTIMAL"", IF(rata > 200, ""OPTIMAL"", IF(rata > 100, "&"""KURANG OPTIMAL"", ""TIDAK OPTIMAL""))), IF(COUNTIF(K32:O32, ""*TIDAK TERDETEKSI*"") > 0, ""TIDAK TERDETEKSI"", IF(COUNTIF(K32:O32, ""*TIDAK AKTIF*"") > 0, ""TIDAK AKTIF"", IF(COUNTIF(K32:O32, ""*BELUM TERPASANG*"") > 0, ""BELUM TERPASAN"&"G"", ""TIDAK AKTIF""))) ) )"),"TIDAK OPTIMAL") -> TIDAK OPTIMAL | U32: PLN | V32: 4618 | W32: SMKN 1, SMKN 2, SMKN 3, SMAN 1 & SMAN 2 SEBULU | X32: 604950
A33: =A32+1 -> 31 | B33: KUTAI KARTANEGARA | C33: TABANG | D33: UMAQ TUKUNG | E33: KANTOR DESA | F33: 0.5884369392419319 | G33: 116.03127132036185 | H33: TELKOMSAT | I33: STARLINK | J33: TERPASANG | M33: TIDAK AKTIF | N33: TIDAK AKTIF | O33: TIDAK AKTIF | P33: =IFERROR(__xludf.DUMMYFUNCTION("LET( angka_murni, ARRAYFORMULA(IFERROR(VALUE(REGEXREPLACE(K33:O33, ""[^0-9]"", """")), 0)), rata, IFERROR(AVERAGEIF(angka_murni, "">0""), 0), IF(rata > 0, IF(rata > 500, ""SANGAT OPTIMAL"", IF(rata > 200, ""OPTIMAL"", IF(rata > 100, "&"""KURANG OPTIMAL"", ""TIDAK OPTIMAL""))), IF(COUNTIF(K33:O33, ""*TIDAK TERDETEKSI*"") > 0, ""TIDAK TERDETEKSI"", IF(COUNTIF(K33:O33, ""*TIDAK AKTIF*"") > 0, ""TIDAK AKTIF"", IF(COUNTIF(K33:O33, ""*BELUM TERPASANG*"") > 0, ""BELUM TERPASAN"&"G"", ""TIDAK AKTIF""))) ) )"),"TIDAK AKTIF") -> TIDAK AKTIF | U33: PLN | V33: 300 | W33: SMAN 1 & SMAN 2 TABANG | X33: 1665000
A34: =A33+1 -> 32 | B34: KUTAI KARTANEGARA | C34: TABANG | D34: UMAQ BEKUAY | E34: KANTOR DESA | F34: 0.5696348583065532 | G34: 116.00948430759813 | H34: TELKOMSEL | I34: ORBIT | J34: TERPASANG | M34: TIDAK AKTIF | N34: TIDAK AKTIF | O34: TIDAK AKTIF | P34: =IFERROR(__xludf.DUMMYFUNCTION("LET( angka_murni, ARRAYFORMULA(IFERROR(VALUE(REGEXREPLACE(K34:O34, ""[^0-9]"", """")), 0)), rata, IFERROR(AVERAGEIF(angka_murni, "">0""), 0), IF(rata > 0, IF(rata > 500, ""SANGAT OPTIMAL"", IF(rata > 200, ""OPTIMAL"", IF(rata > 100, "&"""KURANG OPTIMAL"", ""TIDAK OPTIMAL""))), IF(COUNTIF(K34:O34, ""*TIDAK TERDETEKSI*"") > 0, ""TIDAK TERDETEKSI"", IF(COUNTIF(K34:O34, ""*TIDAK AKTIF*"") > 0, ""TIDAK AKTIF"", IF(COUNTIF(K34:O34, ""*BELUM TERPASANG*"") > 0, ""BELUM TERPASAN"&"G"", ""TIDAK AKTIF""))) ) )"),"TIDAK AKTIF") -> TIDAK AKTIF | Q34: Martianus | R34: 0822 5338 4541 | U34: PLN | V34: 722 | W34: SMAN 1 & SMAN 2 TABANG | X34: 768950 | Y34: https://umaq-bekuay.geodesa.id/
A35: =A34+1 -> 33 | B35: KUTAI KARTANEGARA | C35: TABANG | D35: TABANG LAMA | E35: KANTOR DESA | F35: 0.5631643813230952 | G35: 116.02666727853531 | H35: TELKOMSEL | I35: ORBIT | J35: TERPASANG | M35: TIDAK AKTIF | N35: TIDAK AKTIF | O35: TIDAK AKTIF | P35: =IFERROR(__xludf.DUMMYFUNCTION("LET( angka_murni, ARRAYFORMULA(IFERROR(VALUE(REGEXREPLACE(K35:O35, ""[^0-9]"", """")), 0)), rata, IFERROR(AVERAGEIF(angka_murni, "">0""), 0), IF(rata > 0, IF(rata > 500, ""SANGAT OPTIMAL"", IF(rata > 200, ""OPTIMAL"", IF(rata > 100, "&"""KURANG OPTIMAL"", ""TIDAK OPTIMAL""))), IF(COUNTIF(K35:O35, ""*TIDAK TERDETEKSI*"") > 0, ""TIDAK TERDETEKSI"", IF(COUNTIF(K35:O35, ""*TIDAK AKTIF*"") > 0, ""TIDAK AKTIF"", IF(COUNTIF(K35:O35, ""*BELUM TERPASANG*"") > 0, ""BELUM TERPASAN"&"G"", ""TIDAK AKTIF""))) ) )"),"TIDAK AKTIF") -> TIDAK AKTIF | Q35: Joko Suharjo | R35: 081 2543 7586 | U35: PLN | V35: 267 | W35: SMAN 1 & SMAN 2 TABANG | X35: 768950
A36: =A35+1 -> 34 | B36: KUTAI KARTANEGARA | C36: TABANG | D36: MUARA TIQ | E36: KANTOR DESA | F36: 0.5851911952789394 | G36: 115.9805648262356 | H36: TELKOMSEL | I36: ORBIT | J36: TERPASANG | M36: TIDAK AKTIF | N36: TIDAK AKTIF | O36: TIDAK AKTIF | P36: =IFERROR(__xludf.DUMMYFUNCTION("LET( angka_murni, ARRAYFORMULA(IFERROR(VALUE(REGEXREPLACE(K36:O36, ""[^0-9]"", """")), 0)), rata, IFERROR(AVERAGEIF(angka_murni, "">0""), 0), IF(rata > 0, IF(rata > 500, ""SANGAT OPTIMAL"", IF(rata > 200, ""OPTIMAL"", IF(rata > 100, "&"""KURANG OPTIMAL"", ""TIDAK OPTIMAL""))), IF(COUNTIF(K36:O36, ""*TIDAK TERDETEKSI*"") > 0, ""TIDAK TERDETEKSI"", IF(COUNTIF(K36:O36, ""*TIDAK AKTIF*"") > 0, ""TIDAK AKTIF"", IF(COUNTIF(K36:O36, ""*BELUM TERPASANG*"") > 0, ""BELUM TERPASAN"&"G"", ""TIDAK AKTIF""))) ) )"),"TIDAK AKTIF") -> TIDAK AKTIF | Q36: Shielams | R36: 0813 4707 5887 | U36: PLN | V36: 310 | W36: SMAN 1 & SMAN 2 TABANG | X36: 768950
A37: =A36+1 -> 35 | B37: KUTAI KARTANEGARA | C37: TABANG | D37: MUARA KEBAQ | E37: KANTOR DESA | F37: 0.9376235004476032 | G37: 115.59230678020565 | H37: TELKOMSAT | I37: STARLINK | J37: TERPASANG | M37: TIDAK AKTIF | N37: TIDAK AKTIF | O37: TIDAK AKTIF | P37: =IFERROR(__xludf.DUMMYFUNCTION("LET( angka_murni, ARRAYFORMULA(IFERROR(VALUE(REGEXREPLACE(K37:O37, ""[^0-9]"", """")), 0)), rata, IFERROR(AVERAGEIF(angka_murni, "">0""), 0), IF(rata > 0, IF(rata > 500, ""SANGAT OPTIMAL"", IF(rata > 200, ""OPTIMAL"", IF(rata > 100, "&"""KURANG OPTIMAL"", ""TIDAK OPTIMAL""))), IF(COUNTIF(K37:O37, ""*TIDAK TERDETEKSI*"") > 0, ""TIDAK TERDETEKSI"", IF(COUNTIF(K37:O37, ""*TIDAK AKTIF*"") > 0, ""TIDAK AKTIF"", IF(COUNTIF(K37:O37, ""*BELUM TERPASANG*"") > 0, ""BELUM TERPASAN"&"G"", ""TIDAK AKTIF""))) ) )"),"TIDAK AKTIF") -> TIDAK AKTIF | U37: PLN | V37: 282 | W37: SMAN 1 & SMAN 2 TABANG | X37: 1665000
A38: =A37+1 -> 36 | B38: KUTAI TIMUR | C38: BATU AMPAR | D38: MUGI RAHAYU | E38: POSYANDU DESA | F38: 0.7825214115921425 | G38: 116.9451714526383 | H38: COMTELINDO | I38: WMS | J38: TERPASANG | K38: <= 200GB | L38: <= 150GB | M38: <= 1GB | N38: TIDAK AKTIF | O38: TIDAK AKTIF | P38: =IFERROR(__xludf.DUMMYFUNCTION("LET( angka_murni, ARRAYFORMULA(IFERROR(VALUE(REGEXREPLACE(K38:O38, ""[^0-9]"", """")), 0)), rata, IFERROR(AVERAGEIF(angka_murni, "">0""), 0), IF(rata > 0, IF(rata > 500, ""SANGAT OPTIMAL"", IF(rata > 200, ""OPTIMAL"", IF(rata > 100, "&"""KURANG OPTIMAL"", ""TIDAK OPTIMAL""))), IF(COUNTIF(K38:O38, ""*TIDAK TERDETEKSI*"") > 0, ""TIDAK TERDETEKSI"", IF(COUNTIF(K38:O38, ""*TIDAK AKTIF*"") > 0, ""TIDAK AKTIF"", IF(COUNTIF(K38:O38, ""*BELUM TERPASANG*"") > 0, ""BELUM TERPASAN"&"G"", ""TIDAK AKTIF""))) ) )"),"KURANG OPTIMAL") -> KURANG OPTIMAL | U38: Non PLN : Genset Desa/kampung,PLTS SHS | V38: 1912 | W38: SMAN 1 BATU AMPAR | X38: 1665000
A39: =A38+1 -> 37 | B39: KUTAI TIMUR | C39: BATU AMPAR | D39: HIMBA LESTARI | E39: POSYANDU DESA | F39: 0.6520102549858896 | G39: 117.01510482339054 | H39: COMTELINDO | I39: WMS | J39: TERPASANG | K39: <= 150GB | L39: <= 1GB | M39: TIDAK AKTIF | N39: TIDAK AKTIF | O39: TIDAK AKTIF | P39: =IFERROR(__xludf.DUMMYFUNCTION("LET( angka_murni, ARRAYFORMULA(IFERROR(VALUE(REGEXREPLACE(K39:O39, ""[^0-9]"", """")), 0)), rata, IFERROR(AVERAGEIF(angka_murni, "">0""), 0), IF(rata > 0, IF(rata > 500, ""SANGAT OPTIMAL"", IF(rata > 200, ""OPTIMAL"", IF(rata > 100, "&"""KURANG OPTIMAL"", ""TIDAK OPTIMAL""))), IF(COUNTIF(K39:O39, ""*TIDAK TERDETEKSI*"") > 0, ""TIDAK TERDETEKSI"", IF(COUNTIF(K39:O39, ""*TIDAK AKTIF*"") > 0, ""TIDAK AKTIF"", IF(COUNTIF(K39:O39, ""*BELUM TERPASANG*"") > 0, ""BELUM TERPASAN"&"G"", ""TIDAK AKTIF""))) ) )"),"TIDAK OPTIMAL") -> TIDAK OPTIMAL | U39: Non PLN : Genset Desa/kampung,PLTS SHS | V39: 2058 | W39: SMAN 1 BATU AMPAR | X39: 1665000
A40: =A39+1 -> 38 | B40: KUTAI TIMUR | C40: BATU AMPAR | D40: TELAGA | E40: PUSKESMAS PEMBANTU | F40: 0.655775 | G40: 116.829928 | H40: BESTCAMP | I40: STARLINK | J40: TERPASANG | K40: <= 10GB | L40: <= 1GB | M40: TIDAK AKTIF | N40: TIDAK AKTIF | O40: TIDAK AKTIF | P40: =IFERROR(__xludf.DUMMYFUNCTION("LET( angka_murni, ARRAYFORMULA(IFERROR(VALUE(REGEXREPLACE(K40:O40, ""[^0-9]"", """")), 0)), rata, IFERROR(AVERAGEIF(angka_murni, "">0""), 0), IF(rata > 0, IF(rata > 500, ""SANGAT OPTIMAL"", IF(rata > 200, ""OPTIMAL"", IF(rata > 100, "&"""KURANG OPTIMAL"", ""TIDAK OPTIMAL""))), IF(COUNTIF(K40:O40, ""*TIDAK TERDETEKSI*"") > 0, ""TIDAK TERDETEKSI"", IF(COUNTIF(K40:O40, ""*TIDAK AKTIF*"") > 0, ""TIDAK AKTIF"", IF(COUNTIF(K40:O40, ""*BELUM TERPASANG*"") > 0, ""BELUM TERPASAN"&"G"", ""TIDAK AKTIF""))) ) )"),"TIDAK OPTIMAL") -> TIDAK OPTIMAL | U40: PLN | V40: 736 | W40: SMAN 1 BATU AMPAR | X40: 2553000
A41: =A40+1 -> 39 | B41: KUTAI TIMUR | C41: BENGALON | D41: TEPIAN LANGSAT | E41: KANTOR DESA | F41: 0.77233 | G41: 117.45033 | H41: COMTELINDO | I41: WMS | J41: TERPASANG | K41: <= 500GB | L41: <= 1GB | M41: TIDAK AKTIF | N41: TIDAK AKTIF | O41: TIDAK AKTIF | P41: =IFERROR(__xludf.DUMMYFUNCTION("LET( angka_murni, ARRAYFORMULA(IFERROR(VALUE(REGEXREPLACE(K41:O41, ""[^0-9]"", """")), 0)), rata, IFERROR(AVERAGEIF(angka_murni, "">0""), 0), IF(rata > 0, IF(rata > 500, ""SANGAT OPTIMAL"", IF(rata > 200, ""OPTIMAL"", IF(rata > 100, "&"""KURANG OPTIMAL"", ""TIDAK OPTIMAL""))), IF(COUNTIF(K41:O41, ""*TIDAK TERDETEKSI*"") > 0, ""TIDAK TERDETEKSI"", IF(COUNTIF(K41:O41, ""*TIDAK AKTIF*"") > 0, ""TIDAK AKTIF"", IF(COUNTIF(K41:O41, ""*BELUM TERPASANG*"") > 0, ""BELUM TERPASAN"&"G"", ""TIDAK AKTIF""))) ) )"),"OPTIMAL") -> OPTIMAL | U41: Non PLN : Genset Desa/kampung,PLTS SHS | V41: 5602 | W41: SMKN 1, SMKN 2 & SMAN 1 BENGALON | X41: 1665000
A42: =A41+1 -> 40 | B42: KUTAI TIMUR | C42: KARANGAN | D42: MUKTI LESTARI | E42: Gedung Posyandu | F42: 1.22405 | G42: 117.44599 | H42: TELKOMSEL | I42: ORBIT | J42: TERPASANG | M42: TIDAK AKTIF | N42: TIDAK AKTIF | O42: TIDAK AKTIF | P42: =IFERROR(__xludf.DUMMYFUNCTION("LET( angka_murni, ARRAYFORMULA(IFERROR(VALUE(REGEXREPLACE(K42:O42, ""[^0-9]"", """")), 0)), rata, IFERROR(AVERAGEIF(angka_murni, "">0""), 0), IF(rata > 0, IF(rata > 500, ""SANGAT OPTIMAL"", IF(rata > 200, ""OPTIMAL"", IF(rata > 100, "&"""KURANG OPTIMAL"", ""TIDAK OPTIMAL""))), IF(COUNTIF(K42:O42, ""*TIDAK TERDETEKSI*"") > 0, ""TIDAK TERDETEKSI"", IF(COUNTIF(K42:O42, ""*TIDAK AKTIF*"") > 0, ""TIDAK AKTIF"", IF(COUNTIF(K42:O42, ""*BELUM TERPASANG*"") > 0, ""BELUM TERPASAN"&"G"", ""TIDAK AKTIF""))) ) )"),"TIDAK AKTIF") -> TIDAK AKTIF | Q42: Camelia Rineldis | R42: 0813 5104 9414 | U42: PLN | V42: 1030 | W42: SMAN 1 & SMKN 1 KARANGAN | X42: 768950
A43: =A42+1 -> 41 | B43: KUTAI TIMUR | C43: KONGBENG | D43: KOMBENG INDAH | E43: Balai Desa | F43: 1.05440 | G43: 116.99701 | H43: TELKOMSEL | I43: ORBIT | J43: TERPASANG | M43: TIDAK AKTIF | N43: TIDAK AKTIF | O43: TIDAK AKTIF | P43: =IFERROR(__xludf.DUMMYFUNCTION("LET( angka_murni, ARRAYFORMULA(IFERROR(VALUE(REGEXREPLACE(K43:O43, ""[^0-9]"", """")), 0)), rata, IFERROR(AVERAGEIF(angka_murni, "">0""), 0), IF(rata > 0, IF(rata > 500, ""SANGAT OPTIMAL"", IF(rata > 200, ""OPTIMAL"", IF(rata > 100, "&"""KURANG OPTIMAL"", ""TIDAK OPTIMAL""))), IF(COUNTIF(K43:O43, ""*TIDAK TERDETEKSI*"") > 0, ""TIDAK TERDETEKSI"", IF(COUNTIF(K43:O43, ""*TIDAK AKTIF*"") > 0, ""TIDAK AKTIF"", IF(COUNTIF(K43:O43, ""*BELUM TERPASANG*"") > 0, ""BELUM TERPASAN"&"G"", ""TIDAK AKTIF""))) ) )"),"TIDAK AKTIF") -> TIDAK AKTIF | Q43: Kades | R43: 0822 5150 9102 | U43: PLN | V43: 2114 | W43: SMKN 1 & SMAN 1 KONGBENG | X43: 768950
A44: =A43+1 -> 42 | B44: KUTAI TIMUR | C44: LONG MESANGAT | D44: SEGOY MAKMUR | E44: GEDUNG SERBA GUNA | F44: 0.63700 | G44: 116.69302 | H44: TELKOMSEL | I44: ORBIT | J44: TERPASANG | M44: TIDAK AKTIF | N44: TIDAK AKTIF | O44: TIDAK AKTIF | P44: =IFERROR(__xludf.DUMMYFUNCTION("LET( angka_murni, ARRAYFORMULA(IFERROR(VALUE(REGEXREPLACE(K44:O44, ""[^0-9]"", """")), 0)), rata, IFERROR(AVERAGEIF(angka_murni, "">0""), 0), IF(rata > 0, IF(rata > 500, ""SANGAT OPTIMAL"", IF(rata > 200, ""OPTIMAL"", IF(rata > 100, "&"""KURANG OPTIMAL"", ""TIDAK OPTIMAL""))), IF(COUNTIF(K44:O44, ""*TIDAK TERDETEKSI*"") > 0, ""TIDAK TERDETEKSI"", IF(COUNTIF(K44:O44, ""*TIDAK AKTIF*"") > 0, ""TIDAK AKTIF"", IF(COUNTIF(K44:O44, ""*BELUM TERPASANG*"") > 0, ""BELUM TERPASAN"&"G"", ""TIDAK AKTIF""))) ) )"),"TIDAK AKTIF") -> TIDAK AKTIF | Q44: Syakir | R44: 0813 4701 2306 | U44: PLN | V44: 1239 | W44: SMAN 1 LONG MESANGAT | X44: 768950
A45: =A44+1 -> 43 | B45: KUTAI TIMUR | C45: MUARA ANCALONG | D45: SENYIUR | E45: BALAI PENGOBATAN | F45: 0.31120177080363265 | G45: 116.6230567860258 | H45: TELKOMSEL | I45: ORBIT | J45: TERPASANG | M45: TIDAK AKTIF | N45: TIDAK AKTIF | O45: TIDAK AKTIF | P45: =IFERROR(__xludf.DUMMYFUNCTION("LET( angka_murni, ARRAYFORMULA(IFERROR(VALUE(REGEXREPLACE(K45:O45, ""[^0-9]"", """")), 0)), rata, IFERROR(AVERAGEIF(angka_murni, "">0""), 0), IF(rata > 0, IF(rata > 500, ""SANGAT OPTIMAL"", IF(rata > 200, ""OPTIMAL"", IF(rata > 100, "&"""KURANG OPTIMAL"", ""TIDAK OPTIMAL""))), IF(COUNTIF(K45:O45, ""*TIDAK TERDETEKSI*"") > 0, ""TIDAK TERDETEKSI"", IF(COUNTIF(K45:O45, ""*TIDAK AKTIF*"") > 0, ""TIDAK AKTIF"", IF(COUNTIF(K45:O45, ""*BELUM TERPASANG*"") > 0, ""BELUM TERPASAN"&"G"", ""TIDAK AKTIF""))) ) )"),"TIDAK AKTIF") -> TIDAK AKTIF | Q45: Astri | R45: 0821 5894 0275 | U45: PLN | V45: 5197 | W45: SMAN 1 & SMAN 2 MUARA ANCALONG | X45: 768950
A46: =A45+1 -> 44 | B46: KUTAI TIMUR | C46: MUARA ANCALONG | D46: GEMAR BARU | E46: KANTOR DESA | F46: 0.642913 | G46: 116.639152 | H46: BESTCAMP | I46: STARLINK | J46: TERPASANG | K46: <= 100GB | L46: <= 150GB | M46: <= 100GB | N46: TIDAK AKTIF | O46: TIDAK AKTIF | P46: =IFERROR(__xludf.DUMMYFUNCTION("LET( angka_murni, ARRAYFORMULA(IFERROR(VALUE(REGEXREPLACE(K46:O46, ""[^0-9]"", """")), 0)), rata, IFERROR(AVERAGEIF(angka_murni, "">0""), 0), IF(rata > 0, IF(rata > 500, ""SANGAT OPTIMAL"", IF(rata > 200, ""OPTIMAL"", IF(rata > 100, "&"""KURANG OPTIMAL"", ""TIDAK OPTIMAL""))), IF(COUNTIF(K46:O46, ""*TIDAK TERDETEKSI*"") > 0, ""TIDAK TERDETEKSI"", IF(COUNTIF(K46:O46, ""*TIDAK AKTIF*"") > 0, ""TIDAK AKTIF"", IF(COUNTIF(K46:O46, ""*BELUM TERPASANG*"") > 0, ""BELUM TERPASAN"&"G"", ""TIDAK AKTIF""))) ) )"),"KURANG OPTIMAL") -> KURANG OPTIMAL | U46: PLN | V46: 877 | W46: SMAN 1 & SMAN 2 MUARA ANCALONG | X46: 2553000
A47: =A46+1 -> 45 | B47: KUTAI TIMUR | C47: MUARA BENGKAL | D47: SENAMBAH | E47: Kantor Desa | F47: 0.31350 | G47: 116.76934 | H47: TELKOMSEL | I47: ORBIT | J47: TERPASANG | M47: TIDAK AKTIF | N47: TIDAK AKTIF | O47: TIDAK AKTIF | P47: =IFERROR(__xludf.DUMMYFUNCTION("LET( angka_murni, ARRAYFORMULA(IFERROR(VALUE(REGEXREPLACE(K47:O47, ""[^0-9]"", """")), 0)), rata, IFERROR(AVERAGEIF(angka_murni, "">0""), 0), IF(rata > 0, IF(rata > 500, ""SANGAT OPTIMAL"", IF(rata > 200, ""OPTIMAL"", IF(rata > 100, "&"""KURANG OPTIMAL"", ""TIDAK OPTIMAL""))), IF(COUNTIF(K47:O47, ""*TIDAK TERDETEKSI*"") > 0, ""TIDAK TERDETEKSI"", IF(COUNTIF(K47:O47, ""*TIDAK AKTIF*"") > 0, ""TIDAK AKTIF"", IF(COUNTIF(K47:O47, ""*BELUM TERPASANG*"") > 0, ""BELUM TERPASAN"&"G"", ""TIDAK AKTIF""))) ) )"),"TIDAK AKTIF") -> TIDAK AKTIF | Q47: Sopian Agus | R47: 0853 4691 9994 | U47: Non PLN : Genset Desa/kampung,PLTS SHS | V47: 1556 | W47: SMKN 1 & SMAN 1 MUARA BENGKAL | X47: 768950
A48: =A47+1 -> 46 | B48: KUTAI TIMUR | C48: MUARA BENGKAL | D48: MULUPAN | E48: KANTOR BPD DESA | F48: 0.231584 | G48: 116.783180 | H48: BESTCAMP | I48: STARLINK | J48: TERPASANG | K48: <= 10GB | L48: TIDAK AKTIF | M48: TIDAK AKTIF | N48: TIDAK AKTIF | O48: TIDAK AKTIF | P48: =IFERROR(__xludf.DUMMYFUNCTION("LET( angka_murni, ARRAYFORMULA(IFERROR(VALUE(REGEXREPLACE(K48:O48, ""[^0-9]"", """")), 0)), rata, IFERROR(AVERAGEIF(angka_murni, "">0""), 0), IF(rata > 0, IF(rata > 500, ""SANGAT OPTIMAL"", IF(rata > 200, ""OPTIMAL"", IF(rata > 100, "&"""KURANG OPTIMAL"", ""TIDAK OPTIMAL""))), IF(COUNTIF(K48:O48, ""*TIDAK TERDETEKSI*"") > 0, ""TIDAK TERDETEKSI"", IF(COUNTIF(K48:O48, ""*TIDAK AKTIF*"") > 0, ""TIDAK AKTIF"", IF(COUNTIF(K48:O48, ""*BELUM TERPASANG*"") > 0, ""BELUM TERPASAN"&"G"", ""TIDAK AKTIF""))) ) )"),"TIDAK OPTIMAL") -> TIDAK OPTIMAL | U48: Non PLN : Genset Desa/kampung,PLTS SHS | V48: 889 | W48: SMKN 1 & SMAN 1 MUARA BENGKAL | X48: 2553000
A49: =A48+1 -> 47 | B49: KUTAI TIMUR | C49: MUARA WAHAU | D49: NEHES LIAH BING | E49: Koperasi Desa | F49: 1.050 | G49: 116.861 | H49: TELKOMSEL | I49: INDIHOME | J49: TERPASANG | K49: TIDAK AKTIF | L49: TIDAK AKTIF | M49: TIDAK AKTIF | N49: TIDAK AKTIF | O49: TIDAK AKTIF | P49: =IFERROR(__xludf.DUMMYFUNCTION("LET( angka_murni, ARRAYFORMULA(IFERROR(VALUE(REGEXREPLACE(K49:O49, ""[^0-9]"", """")), 0)), rata, IFERROR(AVERAGEIF(angka_murni, "">0""), 0), IF(rata > 0, IF(rata > 500, ""SANGAT OPTIMAL"", IF(rata > 200, ""OPTIMAL"", IF(rata > 100, "&"""KURANG OPTIMAL"", ""TIDAK OPTIMAL""))), IF(COUNTIF(K49:O49, ""*TIDAK TERDETEKSI*"") > 0, ""TIDAK TERDETEKSI"", IF(COUNTIF(K49:O49, ""*TIDAK AKTIF*"") > 0, ""TIDAK AKTIF"", IF(COUNTIF(K49:O49, ""*BELUM TERPASANG*"") > 0, ""BELUM TERPASAN"&"G"", ""TIDAK AKTIF""))) ) )"),"TIDAK AKTIF") -> TIDAK AKTIF | U49: PLN | V49: 4393 | W49: SMKN 1, SMAN 1 & SMAN 2 MUARA WAHAU | X49: 604950 | Y49: Desa Nehes Liah Bing
A50: =A49+1 -> 48 | B50: KUTAI TIMUR | C50: MUARA WAHAU | D50: DIAQ LAY | E50: Bumdes | F50: 1.06124 | G50: 116.78977 | H50: TELKOMSEL | I50: ORBIT | J50: TERPASANG | M50: TIDAK AKTIF | N50: TIDAK AKTIF | O50: TIDAK AKTIF | P50: =IFERROR(__xludf.DUMMYFUNCTION("LET( angka_murni, ARRAYFORMULA(IFERROR(VALUE(REGEXREPLACE(K50:O50, ""[^0-9]"", """")), 0)), rata, IFERROR(AVERAGEIF(angka_murni, "">0""), 0), IF(rata > 0, IF(rata > 500, ""SANGAT OPTIMAL"", IF(rata > 200, ""OPTIMAL"", IF(rata > 100, "&"""KURANG OPTIMAL"", ""TIDAK OPTIMAL""))), IF(COUNTIF(K50:O50, ""*TIDAK TERDETEKSI*"") > 0, ""TIDAK TERDETEKSI"", IF(COUNTIF(K50:O50, ""*TIDAK AKTIF*"") > 0, ""TIDAK AKTIF"", IF(COUNTIF(K50:O50, ""*BELUM TERPASANG*"") > 0, ""BELUM TERPASAN"&"G"", ""TIDAK AKTIF""))) ) )"),"TIDAK AKTIF") -> TIDAK AKTIF | Q50: Kades | R50: 0813 4884 8685 | U50: PLN | V50: 606 | W50: SMKN 1, SMAN 1 & SMAN 2 MUARA WAHAU | X50: 768950
A51: =A50+1 -> 49 | B51: KUTAI TIMUR | C51: MUARA WAHAU | D51: BENHES | E51: GEDUNG BPU | F51: 1.07699 | G51: 116.76584 | H51: COMTELINDO | I51: WMS | J51: TERPASANG | K51: <= 150GB | L51: TIDAK AKTIF | M51: TIDAK AKTIF | N51: TIDAK AKTIF | O51: TIDAK AKTIF | P51: =IFERROR(__xludf.DUMMYFUNCTION("LET( angka_murni, ARRAYFORMULA(IFERROR(VALUE(REGEXREPLACE(K51:O51, ""[^0-9]"", """")), 0)), rata, IFERROR(AVERAGEIF(angka_murni, "">0""), 0), IF(rata > 0, IF(rata > 500, ""SANGAT OPTIMAL"", IF(rata > 200, ""OPTIMAL"", IF(rata > 100, "&"""KURANG OPTIMAL"", ""TIDAK OPTIMAL""))), IF(COUNTIF(K51:O51, ""*TIDAK TERDETEKSI*"") > 0, ""TIDAK TERDETEKSI"", IF(COUNTIF(K51:O51, ""*TIDAK AKTIF*"") > 0, ""TIDAK AKTIF"", IF(COUNTIF(K51:O51, ""*BELUM TERPASANG*"") > 0, ""BELUM TERPASAN"&"G"", ""TIDAK AKTIF""))) ) )"),"KURANG OPTIMAL") -> KURANG OPTIMAL | U51: PLN | V51: 1005 | W51: SMKN 1, SMAN 1 & SMAN 2 MUARA WAHAU | X51: 1665000 | Y51: Desa Benhes
A52: =A51+1 -> 50 | B52: KUTAI TIMUR | C52: MUARA WAHAU | D52: KARYA BHAKTI | E52: KANTOR DESA | F52: 1.0566343181474505 | G52: 116.91267800980528 | H52: COMTELINDO | I52: WMS | J52: TERPASANG | K52: BELUM TERPASANG | L52: BELUM TERPASANG | M52: BELUM TERPASANG | N52: <= 10GB | O52: TIDAK AKTIF | P52: =IFERROR(__xludf.DUMMYFUNCTION("LET( angka_murni, ARRAYFORMULA(IFERROR(VALUE(REGEXREPLACE(K52:O52, ""[^0-9]"", """")), 0)), rata, IFERROR(AVERAGEIF(angka_murni, "">0""), 0), IF(rata > 0, IF(rata > 500, ""SANGAT OPTIMAL"", IF(rata > 200, ""OPTIMAL"", IF(rata > 100, "&"""KURANG OPTIMAL"", ""TIDAK OPTIMAL""))), IF(COUNTIF(K52:O52, ""*TIDAK TERDETEKSI*"") > 0, ""TIDAK TERDETEKSI"", IF(COUNTIF(K52:O52, ""*TIDAK AKTIF*"") > 0, ""TIDAK AKTIF"", IF(COUNTIF(K52:O52, ""*BELUM TERPASANG*"") > 0, ""BELUM TERPASAN"&"G"", ""TIDAK AKTIF""))) ) )"),"TIDAK OPTIMAL") -> TIDAK OPTIMAL | U52: PLN | V52: 5022 | W52: SMKN 1, SMAN 1 & SMAN 2 MUARA WAHAU | X52: 1665000 | Y52: Desa Karya Bhakti
A53: =A52+1 -> 51 | B53: KUTAI TIMUR | C53: SANDARAN | D53: SANDARAN | E53: PUSBAN DESA RT 01 | F53: 0.8805834064174461 | G53: 118.86650095320019 | H53: COMTELINDO | I53: WMS | J53: TERPASANG | K53: TIDAK AKTIF | L53: TIDAK AKTIF | M53: TIDAK AKTIF | N53: TIDAK AKTIF | O53: TIDAK AKTIF | P53: =IFERROR(__xludf.DUMMYFUNCTION("LET( angka_murni, ARRAYFORMULA(IFERROR(VALUE(REGEXREPLACE(K53:O53, ""[^0-9]"", """")), 0)), rata, IFERROR(AVERAGEIF(angka_murni, "">0""), 0), IF(rata > 0, IF(rata > 500, ""SANGAT OPTIMAL"", IF(rata > 200, ""OPTIMAL"", IF(rata > 100, "&"""KURANG OPTIMAL"", ""TIDAK OPTIMAL""))), IF(COUNTIF(K53:O53, ""*TIDAK TERDETEKSI*"") > 0, ""TIDAK TERDETEKSI"", IF(COUNTIF(K53:O53, ""*TIDAK AKTIF*"") > 0, ""TIDAK AKTIF"", IF(COUNTIF(K53:O53, ""*BELUM TERPASANG*"") > 0, ""BELUM TERPASAN"&"G"", ""TIDAK AKTIF""))) ) )"),"TIDAK AKTIF") -> TIDAK AKTIF | U53: Non PLN : PLTS TERPUSAT DESDM 2020 | V53: 1306 | W53: SMAN 1 & SMAN 2 SANDARAN | X53: 1665000 | Y53: Desa Sandaran
A54: =A53+1 -> 52 | B54: KUTAI TIMUR | C54: SANDARAN | D54: SUSUK DALAM | E54: KANTOR DESA | F54: 0.916763 | G54: 118.215995 | H54: BESTCAMP | I54: STARLINK | J54: TERPASANG | K54: TIDAK AKTIF | L54: TIDAK AKTIF | M54: TIDAK AKTIF | N54: TIDAK AKTIF | O54: TIDAK AKTIF | P54: =IFERROR(__xludf.DUMMYFUNCTION("LET( angka_murni, ARRAYFORMULA(IFERROR(VALUE(REGEXREPLACE(K54:O54, ""[^0-9]"", """")), 0)), rata, IFERROR(AVERAGEIF(angka_murni, "">0""), 0), IF(rata > 0, IF(rata > 500, ""SANGAT OPTIMAL"", IF(rata > 200, ""OPTIMAL"", IF(rata > 100, "&"""KURANG OPTIMAL"", ""TIDAK OPTIMAL""))), IF(COUNTIF(K54:O54, ""*TIDAK TERDETEKSI*"") > 0, ""TIDAK TERDETEKSI"", IF(COUNTIF(K54:O54, ""*TIDAK AKTIF*"") > 0, ""TIDAK AKTIF"", IF(COUNTIF(K54:O54, ""*BELUM TERPASANG*"") > 0, ""BELUM TERPASAN"&"G"", ""TIDAK AKTIF""))) ) )"),"TIDAK AKTIF") -> TIDAK AKTIF | T54: PERANGKAT DISIMPAN OLEH BENDAHARA DESA DI DALAM RUANGAN DAN TERKUNCI | U54: Non PLN : Genset Desa/kampung,PLTS SHS | V54: 897 | W54: SMAN 1 & SMAN 2 SANDARAN | X54: 2553000 | Y54: Susuk-dalam
A55: =A54+1 -> 53 | B55: KUTAI TIMUR | C55: SANGKULIRANG | D55: TANJUNG MANIS | E55: KANTOR KOPERASI RT 03 | F55: 0.90847 | G55: 118.06938 | H55: COMTELINDO | I55: WMS | J55: TERPASANG | K55: <= 1GB | L55: <= 1GB | M55: TIDAK AKTIF | N55: TIDAK AKTIF | O55: TIDAK AKTIF | P55: =IFERROR(__xludf.DUMMYFUNCTION("LET( angka_murni, ARRAYFORMULA(IFERROR(VALUE(REGEXREPLACE(K55:O55, ""[^0-9]"", """")), 0)), rata, IFERROR(AVERAGEIF(angka_murni, "">0""), 0), IF(rata > 0, IF(rata > 500, ""SANGAT OPTIMAL"", IF(rata > 200, ""OPTIMAL"", IF(rata > 100, "&"""KURANG OPTIMAL"", ""TIDAK OPTIMAL""))), IF(COUNTIF(K55:O55, ""*TIDAK TERDETEKSI*"") > 0, ""TIDAK TERDETEKSI"", IF(COUNTIF(K55:O55, ""*TIDAK AKTIF*"") > 0, ""TIDAK AKTIF"", IF(COUNTIF(K55:O55, ""*BELUM TERPASANG*"") > 0, ""BELUM TERPASAN"&"G"", ""TIDAK AKTIF""))) ) )"),"TIDAK OPTIMAL") -> TIDAK OPTIMAL | U55: Non PLN : Genset Desa/kampung,PLTS SHS | V55: 674 | W55: SMKN 1, SMKN 2 & SMAN 1 SANGKULIRANG | X55: 1665000 | Y55: Desa Tanjung Manis
A56: =A55+1 -> 54 | B56: KUTAI TIMUR | C56: SANGKULIRANG | D56: PELAWAN | E56: Areal Kantor Desa | F56: 1.19753 | G56: 117.88057 | H56: COMTELINDO | I56: WMS | J56: TERPASANG | K56: TIDAK TERDETEKSI | L56: <= 150GB | M56: <= 50GB | N56: TIDAK AKTIF | O56: TIDAK AKTIF | P56: =IFERROR(__xludf.DUMMYFUNCTION("LET( angka_murni, ARRAYFORMULA(IFERROR(VALUE(REGEXREPLACE(K56:O56, ""[^0-9]"", """")), 0)), rata, IFERROR(AVERAGEIF(angka_murni, "">0""), 0), IF(rata > 0, IF(rata > 500, ""SANGAT OPTIMAL"", IF(rata > 200, ""OPTIMAL"", IF(rata > 100, "&"""KURANG OPTIMAL"", ""TIDAK OPTIMAL""))), IF(COUNTIF(K56:O56, ""*TIDAK TERDETEKSI*"") > 0, ""TIDAK TERDETEKSI"", IF(COUNTIF(K56:O56, ""*TIDAK AKTIF*"") > 0, ""TIDAK AKTIF"", IF(COUNTIF(K56:O56, ""*BELUM TERPASANG*"") > 0, ""BELUM TERPASAN"&"G"", ""TIDAK AKTIF""))) ) )"),"TIDAK OPTIMAL") -> TIDAK OPTIMAL | U56: Non PLN : Genset Desa/kampung,PLTS SHS | V56: 1921 | W56: SMKN 1, SMKN 2 & SMAN 1 SANGKULIRANG | X56: 1665000 | Y56: Desa Pelawan
A57: =A56+1 -> 55 | B57: KUTAI TIMUR | C57: SANGKULIRANG | D57: MALOY | E57: Kantor Desa | F57: 0.91740 | G57: 117.98341 | H57: TELKOMSEL | I57: ORBIT | J57: TERPASANG | M57: TIDAK AKTIF | N57: TIDAK AKTIF | O57: TIDAK AKTIF | P57: =IFERROR(__xludf.DUMMYFUNCTION("LET( angka_murni, ARRAYFORMULA(IFERROR(VALUE(REGEXREPLACE(K57:O57, ""[^0-9]"", """")), 0)), rata, IFERROR(AVERAGEIF(angka_murni, "">0""), 0), IF(rata > 0, IF(rata > 500, ""SANGAT OPTIMAL"", IF(rata > 200, ""OPTIMAL"", IF(rata > 100, "&"""KURANG OPTIMAL"", ""TIDAK OPTIMAL""))), IF(COUNTIF(K57:O57, ""*TIDAK TERDETEKSI*"") > 0, ""TIDAK TERDETEKSI"", IF(COUNTIF(K57:O57, ""*TIDAK AKTIF*"") > 0, ""TIDAK AKTIF"", IF(COUNTIF(K57:O57, ""*BELUM TERPASANG*"") > 0, ""BELUM TERPASAN"&"G"", ""TIDAK AKTIF""))) ) )"),"TIDAK AKTIF") -> TIDAK AKTIF | Q57: Ajmalin | R57: 0823 5065 6118 | U57: PLN | V57: 1339 | W57: SMKN 1, SMKN 2 & SMAN 1 SANGKULIRANG | X57: 768950 | Y57: Desa Maloy Kabupaten Kutai Timur
A58: =A57+1 -> 56 | B58: KUTAI TIMUR | C58: SANGKULIRANG | D58: PERUPUK | E58: Kantor Koperasi Desa | F58: 0.90012 | G58: 118.11824 | H58: COMTELINDO | I58: WMS | J58: TERPASANG | K58: TIDAK AKTIF | L58: TIDAK AKTIF | M58: TIDAK AKTIF | N58: TIDAK AKTIF | O58: <= 1GB | P58: =IFERROR(__xludf.DUMMYFUNCTION("LET( angka_murni, ARRAYFORMULA(IFERROR(VALUE(REGEXREPLACE(K58:O58, ""[^0-9]"", """")), 0)), rata, IFERROR(AVERAGEIF(angka_murni, "">0""), 0), IF(rata > 0, IF(rata > 500, ""SANGAT OPTIMAL"", IF(rata > 200, ""OPTIMAL"", IF(rata > 100, "&"""KURANG OPTIMAL"", ""TIDAK OPTIMAL""))), IF(COUNTIF(K58:O58, ""*TIDAK TERDETEKSI*"") > 0, ""TIDAK TERDETEKSI"", IF(COUNTIF(K58:O58, ""*TIDAK AKTIF*"") > 0, ""TIDAK AKTIF"", IF(COUNTIF(K58:O58, ""*BELUM TERPASANG*"") > 0, ""BELUM TERPASAN"&"G"", ""TIDAK AKTIF""))) ) )"),"TIDAK OPTIMAL") -> TIDAK OPTIMAL | U58: Non PLN : Genset Desa/kampung,PLTS SHS | V58: 589 | W58: SMKN 1, SMKN 2 & SMAN 1 SANGKULIRANG | X58: 1665000 | Y58: Desa Perupuk
A59: =A58+1 -> 57 | B59: KUTAI TIMUR | C59: TELEN | D59: JUK AYAQ | E59: Gedung Olahraga | F59: 0.88163 | G59: 116.86563 | H59: TELKOMSEL | I59: ORBIT | J59: TERPASANG | M59: TIDAK AKTIF | N59: TIDAK AKTIF | O59: TIDAK AKTIF | P59: =IFERROR(__xludf.DUMMYFUNCTION("LET( angka_murni, ARRAYFORMULA(IFERROR(VALUE(REGEXREPLACE(K59:O59, ""[^0-9]"", """")), 0)), rata, IFERROR(AVERAGEIF(angka_murni, "">0""), 0), IF(rata > 0, IF(rata > 500, ""SANGAT OPTIMAL"", IF(rata > 200, ""OPTIMAL"", IF(rata > 100, "&"""KURANG OPTIMAL"", ""TIDAK OPTIMAL""))), IF(COUNTIF(K59:O59, ""*TIDAK TERDETEKSI*"") > 0, ""TIDAK TERDETEKSI"", IF(COUNTIF(K59:O59, ""*TIDAK AKTIF*"") > 0, ""TIDAK AKTIF"", IF(COUNTIF(K59:O59, ""*BELUM TERPASANG*"") > 0, ""BELUM TERPASAN"&"G"", ""TIDAK AKTIF""))) ) )"),"TIDAK AKTIF") -> TIDAK AKTIF | Q59: Marcelino Marly | R59: 0852 5225 5914 | U59: PLN | V59: 1803 | W59: SMKN 1 TELEN | X59: 768950 | Y59: Desa Juk Ayaq
A60: =A59+1 -> 58 | B60: KUTAI TIMUR | C60: TELEN | D60: LONG SEGAR | E60: KANTOR BPD | F60: 0.79591 | G60: 116.82186 | H60: TELKOMSEL | I60: ORBIT | J60: TERPASANG | M60: TIDAK AKTIF | N60: TIDAK AKTIF | O60: TIDAK AKTIF | P60: =IFERROR(__xludf.DUMMYFUNCTION("LET( angka_murni, ARRAYFORMULA(IFERROR(VALUE(REGEXREPLACE(K60:O60, ""[^0-9]"", """")), 0)), rata, IFERROR(AVERAGEIF(angka_murni, "">0""), 0), IF(rata > 0, IF(rata > 500, ""SANGAT OPTIMAL"", IF(rata > 200, ""OPTIMAL"", IF(rata > 100, "&"""KURANG OPTIMAL"", ""TIDAK OPTIMAL""))), IF(COUNTIF(K60:O60, ""*TIDAK TERDETEKSI*"") > 0, ""TIDAK TERDETEKSI"", IF(COUNTIF(K60:O60, ""*TIDAK AKTIF*"") > 0, ""TIDAK AKTIF"", IF(COUNTIF(K60:O60, ""*BELUM TERPASANG*"") > 0, ""BELUM TERPASAN"&"G"", ""TIDAK AKTIF""))) ) )"),"TIDAK AKTIF") -> TIDAK AKTIF | Q60: Ingkong | R60: 0812 5898 0911 | U60: PLN | V60: 684 | W60: SMKN 1 TELEN | X60: 768950
A61: =A60+1 -> 59 | B61: KUTAI TIMUR | C61: TELEN | D61: KERNYANYAN | E61: BALAI DESA | F61: 0.79638 | G61: 116.82386 | H61: TELKOMSEL | I61: ORBIT | J61: TERPASANG | M61: TIDAK AKTIF | N61: TIDAK AKTIF | O61: TIDAK AKTIF | P61: =IFERROR(__xludf.DUMMYFUNCTION("LET( angka_murni, ARRAYFORMULA(IFERROR(VALUE(REGEXREPLACE(K61:O61, ""[^0-9]"", """")), 0)), rata, IFERROR(AVERAGEIF(angka_murni, "">0""), 0), IF(rata > 0, IF(rata > 500, ""SANGAT OPTIMAL"", IF(rata > 200, ""OPTIMAL"", IF(rata > 100, "&"""KURANG OPTIMAL"", ""TIDAK OPTIMAL""))), IF(COUNTIF(K61:O61, ""*TIDAK TERDETEKSI*"") > 0, ""TIDAK TERDETEKSI"", IF(COUNTIF(K61:O61, ""*TIDAK AKTIF*"") > 0, ""TIDAK AKTIF"", IF(COUNTIF(K61:O61, ""*BELUM TERPASANG*"") > 0, ""BELUM TERPASAN"&"G"", ""TIDAK AKTIF""))) ) )"),"TIDAK AKTIF") -> TIDAK AKTIF | Q61: M. Syamiun Ung | R61: 0812 5345 3101 | U61: PLN | V61: 588 | W61: SMKN 1 TELEN | X61: 768950
A62: =A61+1 -> 60 | B62: MAHAKAM ULU | C62: LAHAM | D62: LONG GELAWANG | E62: KANTOR DESA | F62: 0.17749121837203038 | G62: 115.29390628777142 | H62: TELKOMSAT | I62: STARLINK | J62: TERPASANG | M62: TIDAK AKTIF | N62: TIDAK AKTIF | O62: TIDAK AKTIF | P62: =IFERROR(__xludf.DUMMYFUNCTION("LET( angka_murni, ARRAYFORMULA(IFERROR(VALUE(REGEXREPLACE(K62:O62, ""[^0-9]"", """")), 0)), rata, IFERROR(AVERAGEIF(angka_murni, "">0""), 0), IF(rata > 0, IF(rata > 500, ""SANGAT OPTIMAL"", IF(rata > 200, ""OPTIMAL"", IF(rata > 100, "&"""KURANG OPTIMAL"", ""TIDAK OPTIMAL""))), IF(COUNTIF(K62:O62, ""*TIDAK TERDETEKSI*"") > 0, ""TIDAK TERDETEKSI"", IF(COUNTIF(K62:O62, ""*TIDAK AKTIF*"") > 0, ""TIDAK AKTIF"", IF(COUNTIF(K62:O62, ""*BELUM TERPASANG*"") > 0, ""BELUM TERPASAN"&"G"", ""TIDAK AKTIF""))) ) )"),"TIDAK AKTIF") -> TIDAK AKTIF | U62: Non PLN : Genset Desa/kampung,PLTS SHS | V62: 760 | X62: 1665000 | Y62: Desa Long Gelawang
A63: =A62+1 -> 61 | B63: MAHAKAM ULU | C63: LAHAM | D63: MUARA RATAH | E63: KANTOR DESA | F63: 0.36429876091870445 | G63: 115.39808728147491 | H63: TELKOMSEL | I63: ORBIT | J63: TERPASANG | M63: TIDAK AKTIF | N63: TIDAK AKTIF | O63: TIDAK AKTIF | P63: =IFERROR(__xludf.DUMMYFUNCTION("LET( angka_murni, ARRAYFORMULA(IFERROR(VALUE(REGEXREPLACE(K63:O63, ""[^0-9]"", """")), 0)), rata, IFERROR(AVERAGEIF(angka_murni, "">0""), 0), IF(rata > 0, IF(rata > 500, ""SANGAT OPTIMAL"", IF(rata > 200, ""OPTIMAL"", IF(rata > 100, "&"""KURANG OPTIMAL"", ""TIDAK OPTIMAL""))), IF(COUNTIF(K63:O63, ""*TIDAK TERDETEKSI*"") > 0, ""TIDAK TERDETEKSI"", IF(COUNTIF(K63:O63, ""*TIDAK AKTIF*"") > 0, ""TIDAK AKTIF"", IF(COUNTIF(K63:O63, ""*BELUM TERPASANG*"") > 0, ""BELUM TERPASAN"&"G"", ""TIDAK AKTIF""))) ) )"),"TIDAK AKTIF") -> TIDAK AKTIF | U63: Non PLN : Genset Desa/kampung,PLTS SHS | V63: 252 | X63: 768950
A64: =A63+1 -> 62 | B64: MAHAKAM ULU | C64: LONG HUBUNG | D64: LUTAN | E64: KANTOR DESA | F64: 0.2078276675358411 | G64: 115.4984592450898 | H64: TELKOMSEL | I64: ORBIT | J64: TERPASANG | M64: TIDAK AKTIF | N64: TIDAK AKTIF | O64: TIDAK AKTIF | P64: =IFERROR(__xludf.DUMMYFUNCTION("LET( angka_murni, ARRAYFORMULA(IFERROR(VALUE(REGEXREPLACE(K64:O64, ""[^0-9]"", """")), 0)), rata, IFERROR(AVERAGEIF(angka_murni, "">0""), 0), IF(rata > 0, IF(rata > 500, ""SANGAT OPTIMAL"", IF(rata > 200, ""OPTIMAL"", IF(rata > 100, "&"""KURANG OPTIMAL"", ""TIDAK OPTIMAL""))), IF(COUNTIF(K64:O64, ""*TIDAK TERDETEKSI*"") > 0, ""TIDAK TERDETEKSI"", IF(COUNTIF(K64:O64, ""*TIDAK AKTIF*"") > 0, ""TIDAK AKTIF"", IF(COUNTIF(K64:O64, ""*BELUM TERPASANG*"") > 0, ""BELUM TERPASAN"&"G"", ""TIDAK AKTIF""))) ) )"),"TIDAK AKTIF") -> TIDAK AKTIF | Q64: SUKARNI JAYA, S. Pd | R64: 0823-5811-3610 | U64: PLN | V64: 957 | W64: SMAN 1 LONG HUBUNG | X64: 768950
A65: =A64+1 -> 63 | B65: MAHAKAM ULU | C65: LONG PAHANGAI | D65: LONG PAHANGAI I | E65: KANTOR DESA | F65: 0.8835247649712071 | G65: 114.70238845098675 | H65: TELKOMSEL | I65: ORBIT | J65: TERPASANG | M65: TIDAK AKTIF | N65: TIDAK AKTIF | O65: TIDAK AKTIF | P65: =IFERROR(__xludf.DUMMYFUNCTION("LET( angka_murni, ARRAYFORMULA(IFERROR(VALUE(REGEXREPLACE(K65:O65, ""[^0-9]"", """")), 0)), rata, IFERROR(AVERAGEIF(angka_murni, "">0""), 0), IF(rata > 0, IF(rata > 500, ""SANGAT OPTIMAL"", IF(rata > 200, ""OPTIMAL"", IF(rata > 100, "&"""KURANG OPTIMAL"", ""TIDAK OPTIMAL""))), IF(COUNTIF(K65:O65, ""*TIDAK TERDETEKSI*"") > 0, ""TIDAK TERDETEKSI"", IF(COUNTIF(K65:O65, ""*TIDAK AKTIF*"") > 0, ""TIDAK AKTIF"", IF(COUNTIF(K65:O65, ""*BELUM TERPASANG*"") > 0, ""BELUM TERPASAN"&"G"", ""TIDAK AKTIF""))) ) )"),"TIDAK AKTIF") -> TIDAK AKTIF | Q65: LUHAU JALAQ | R65: 0853-8623-8459 | U65: PLN | V65: 878 | W65: SMAN 1 LONG PAHANGAI | X65: 768950
A66: =A65+1 -> 64 | B66: MAHAKAM ULU | C66: LONG PAHANGAI | D66: LONG TUYOQ | E66: KANTOR DESA | F66: 0.8890667616177679 | G66: 114.69123447958803 | H66: TELKOMSEL | I66: ORBIT | J66: TERPASANG | M66: TIDAK AKTIF | N66: TIDAK AKTIF | O66: TIDAK AKTIF | P66: =IFERROR(__xludf.DUMMYFUNCTION("LET( angka_murni, ARRAYFORMULA(IFERROR(VALUE(REGEXREPLACE(K66:O66, ""[^0-9]"", """")), 0)), rata, IFERROR(AVERAGEIF(angka_murni, "">0""), 0), IF(rata > 0, IF(rata > 500, ""SANGAT OPTIMAL"", IF(rata > 200, ""OPTIMAL"", IF(rata > 100, "&"""KURANG OPTIMAL"", ""TIDAK OPTIMAL""))), IF(COUNTIF(K66:O66, ""*TIDAK TERDETEKSI*"") > 0, ""TIDAK TERDETEKSI"", IF(COUNTIF(K66:O66, ""*TIDAK AKTIF*"") > 0, ""TIDAK AKTIF"", IF(COUNTIF(K66:O66, ""*BELUM TERPASANG*"") > 0, ""BELUM TERPASAN"&"G"", ""TIDAK AKTIF""))) ) )"),"TIDAK AKTIF") -> TIDAK AKTIF | Q66: ALEXANDER AJANG. B | R66: 0813-4390-2888 | U66: PLN | V66: 457 | W66: SMAN 1 LONG PAHANGAI | X66: 768950
A67: =A66+1 -> 65 | B67: PASER | C67: BATU ENGAU | D67: KERANG | E67: KANTOR DESA | F67: -2.229 | G67: 116.076 | H67: TELKOMSEL | I67: INDIHOME | J67: TERPASANG | K67: <= 200GB | L67: TIDAK AKTIF | M67: TIDAK AKTIF | N67: TIDAK AKTIF | O67: TIDAK AKTIF | P67: =IFERROR(__xludf.DUMMYFUNCTION("LET( angka_murni, ARRAYFORMULA(IFERROR(VALUE(REGEXREPLACE(K67:O67, ""[^0-9]"", """")), 0)), rata, IFERROR(AVERAGEIF(angka_murni, "">0""), 0), IF(rata > 0, IF(rata > 500, ""SANGAT OPTIMAL"", IF(rata > 200, ""OPTIMAL"", IF(rata > 100, "&"""KURANG OPTIMAL"", ""TIDAK OPTIMAL""))), IF(COUNTIF(K67:O67, ""*TIDAK TERDETEKSI*"") > 0, ""TIDAK TERDETEKSI"", IF(COUNTIF(K67:O67, ""*TIDAK AKTIF*"") > 0, ""TIDAK AKTIF"", IF(COUNTIF(K67:O67, ""*BELUM TERPASANG*"") > 0, ""BELUM TERPASAN"&"G"", ""TIDAK AKTIF""))) ) )"),"KURANG OPTIMAL") -> KURANG OPTIMAL | T67: KANTOR DESA PINDAH KE LOKASI BARU, TIDAK BISA RELOKASI DARI INDIHOME SEBELUM SATU TAHUN | U67: PLN | V67: 3373 | W67: SMAN 1 & SMAN 2 BATU ENGAU | X67: 604950 | Y67: https://www.kerang-paser.desa.id/
A68: =A67+1 -> 66 | B68: PASER | C68: BATU ENGAU | D68: TEMPAKAN | E68: KANTOR DESA | F68: -2.263 | G68: 116.128 | H68: TELKOMSEL | I68: INDIHOME | J68: TERPASANG | K68: TIDAK AKTIF | L68: TIDAK AKTIF | M68: TIDAK AKTIF | N68: TIDAK AKTIF | O68: TIDAK AKTIF | P68: =IFERROR(__xludf.DUMMYFUNCTION("LET( angka_murni, ARRAYFORMULA(IFERROR(VALUE(REGEXREPLACE(K68:O68, ""[^0-9]"", """")), 0)), rata, IFERROR(AVERAGEIF(angka_murni, "">0""), 0), IF(rata > 0, IF(rata > 500, ""SANGAT OPTIMAL"", IF(rata > 200, ""OPTIMAL"", IF(rata > 100, "&"""KURANG OPTIMAL"", ""TIDAK OPTIMAL""))), IF(COUNTIF(K68:O68, ""*TIDAK TERDETEKSI*"") > 0, ""TIDAK TERDETEKSI"", IF(COUNTIF(K68:O68, ""*TIDAK AKTIF*"") > 0, ""TIDAK AKTIF"", IF(COUNTIF(K68:O68, ""*BELUM TERPASANG*"") > 0, ""BELUM TERPASAN"&"G"", ""TIDAK AKTIF""))) ) )"),"TIDAK AKTIF") -> TIDAK AKTIF | U68: PLN | V68: 1441 | W68: SMAN 1 & SMAN 2 BATU ENGAU | X68: 604950
A69: =A68+1 -> 67 | B69: PASER | C69: BATU SOPANG | D69: SONGKA | E69: KANTOR DESA | F69: -1.828 | G69: 115.884 | H69: TELKOMSEL | I69: INDIHOME | J69: TERPASANG | K69: <= 50GB | L69: <= 10GB | M69: TIDAK AKTIF | N69: TIDAK AKTIF | O69: TIDAK AKTIF | P69: =IFERROR(__xludf.DUMMYFUNCTION("LET( angka_murni, ARRAYFORMULA(IFERROR(VALUE(REGEXREPLACE(K69:O69, ""[^0-9]"", """")), 0)), rata, IFERROR(AVERAGEIF(angka_murni, "">0""), 0), IF(rata > 0, IF(rata > 500, ""SANGAT OPTIMAL"", IF(rata > 200, ""OPTIMAL"", IF(rata > 100, "&"""KURANG OPTIMAL"", ""TIDAK OPTIMAL""))), IF(COUNTIF(K69:O69, ""*TIDAK TERDETEKSI*"") > 0, ""TIDAK TERDETEKSI"", IF(COUNTIF(K69:O69, ""*TIDAK AKTIF*"") > 0, ""TIDAK AKTIF"", IF(COUNTIF(K69:O69, ""*BELUM TERPASANG*"") > 0, ""BELUM TERPASAN"&"G"", ""TIDAK AKTIF""))) ) )"),"TIDAK OPTIMAL") -> TIDAK OPTIMAL | U69: PLN | V69: 3845 | W69: SMAN 1 BATU SOPANG | X69: 604950 | Y69: https://songka.desa.id/
A70: =A69+1 -> 68 | B70: PASER | C70: KUARO | D70: PASIR MAYANG | E70: KANTOR DESA | F70: -1.774 | G70: 116.218 | H70: TELKOMSEL | I70: INDIHOME | J70: TERPASANG | K70: <=1000GB | L70: <=1000GB | M70: <= 500GB | N70: TIDAK AKTIF | O70: TIDAK AKTIF | P70: =IFERROR(__xludf.DUMMYFUNCTION("LET( angka_murni, ARRAYFORMULA(IFERROR(VALUE(REGEXREPLACE(K70:O70, ""[^0-9]"", """")), 0)), rata, IFERROR(AVERAGEIF(angka_murni, "">0""), 0), IF(rata > 0, IF(rata > 500, ""SANGAT OPTIMAL"", IF(rata > 200, ""OPTIMAL"", IF(rata > 100, "&"""KURANG OPTIMAL"", ""TIDAK OPTIMAL""))), IF(COUNTIF(K70:O70, ""*TIDAK TERDETEKSI*"") > 0, ""TIDAK TERDETEKSI"", IF(COUNTIF(K70:O70, ""*TIDAK AKTIF*"") > 0, ""TIDAK AKTIF"", IF(COUNTIF(K70:O70, ""*BELUM TERPASANG*"") > 0, ""BELUM TERPASAN"&"G"", ""TIDAK AKTIF""))) ) )"),"SANGAT OPTIMAL") -> SANGAT OPTIMAL | U70: PLN | V70: 1134 | W70: SMAN 1 KUARO | X70: 604950 | Y70: https://pasirmayang.desa.id/
A71: =A70+1 -> 69 | B71: PASER | C71: KUARO | D71: KLEMPANG SARI | E71: KANTOR DESA | F71: -1.835 | G71: 116.095 | H71: TELKOMSEL | I71: INDIHOME | J71: TERPASANG | K71: TIDAK AKTIF | L71: TIDAK AKTIF | M71: TIDAK AKTIF | N71: TIDAK AKTIF | O71: TIDAK AKTIF | P71: =IFERROR(__xludf.DUMMYFUNCTION("LET( angka_murni, ARRAYFORMULA(IFERROR(VALUE(REGEXREPLACE(K71:O71, ""[^0-9]"", """")), 0)), rata, IFERROR(AVERAGEIF(angka_murni, "">0""), 0), IF(rata > 0, IF(rata > 500, ""SANGAT OPTIMAL"", IF(rata > 200, ""OPTIMAL"", IF(rata > 100, "&"""KURANG OPTIMAL"", ""TIDAK OPTIMAL""))), IF(COUNTIF(K71:O71, ""*TIDAK TERDETEKSI*"") > 0, ""TIDAK TERDETEKSI"", IF(COUNTIF(K71:O71, ""*TIDAK AKTIF*"") > 0, ""TIDAK AKTIF"", IF(COUNTIF(K71:O71, ""*BELUM TERPASANG*"") > 0, ""BELUM TERPASAN"&"G"", ""TIDAK AKTIF""))) ) )"),"TIDAK AKTIF") -> TIDAK AKTIF | T71: LAPORAN PIHAK DESA KONEKSI INTERNET TIDAK ADA | U71: PLN | V71: 760 | W71: SMAN 1 KUARO | X71: 604950 | Y71: https://www.klempangsari.desa.id/
A72: =A71+1 -> 70 | B72: PASER | C72: LONG IKIS | D72: SEMUNTAI | E72: KANTOR DESA | F72: -1.647 | G72: 116.154 | H72: TELKOMSEL | I72: INDIHOME | J72: TERPASANG | K72: TIDAK AKTIF | L72: TIDAK AKTIF | M72: TIDAK AKTIF | N72: TIDAK AKTIF | O72: TIDAK AKTIF | P72: =IFERROR(__xludf.DUMMYFUNCTION("LET( angka_murni, ARRAYFORMULA(IFERROR(VALUE(REGEXREPLACE(K72:O72, ""[^0-9]"", """")), 0)), rata, IFERROR(AVERAGEIF(angka_murni, "">0""), 0), IF(rata > 0, IF(rata > 500, ""SANGAT OPTIMAL"", IF(rata > 200, ""OPTIMAL"", IF(rata > 100, "&"""KURANG OPTIMAL"", ""TIDAK OPTIMAL""))), IF(COUNTIF(K72:O72, ""*TIDAK TERDETEKSI*"") > 0, ""TIDAK TERDETEKSI"", IF(COUNTIF(K72:O72, ""*TIDAK AKTIF*"") > 0, ""TIDAK AKTIF"", IF(COUNTIF(K72:O72, ""*BELUM TERPASANG*"") > 0, ""BELUM TERPASAN"&"G"", ""TIDAK AKTIF""))) ) )"),"TIDAK AKTIF") -> TIDAK AKTIF | U72: PLN | V72: 4229 | W72: SMAN 1, SMAN 2 & SMAN 3 LONG IKIS | X72: 604950 | Y72: https://www.semuntai-paser.desa.id/
A73: =A72+1 -> 71 | B73: PASER | C73: LONG IKIS | D73: SAWIT JAYA | E73: KANTOR DESA | F73: -1.586 | G73: 116.157 | H73: TELKOMSEL | I73: INDIHOME | J73: TERPASANG | K73: TIDAK AKTIF | L73: TIDAK AKTIF | M73: TIDAK AKTIF | N73: TIDAK AKTIF | O73: TIDAK AKTIF | P73: =IFERROR(__xludf.DUMMYFUNCTION("LET( angka_murni, ARRAYFORMULA(IFERROR(VALUE(REGEXREPLACE(K73:O73, ""[^0-9]"", """")), 0)), rata, IFERROR(AVERAGEIF(angka_murni, "">0""), 0), IF(rata > 0, IF(rata > 500, ""SANGAT OPTIMAL"", IF(rata > 200, ""OPTIMAL"", IF(rata > 100, "&"""KURANG OPTIMAL"", ""TIDAK OPTIMAL""))), IF(COUNTIF(K73:O73, ""*TIDAK TERDETEKSI*"") > 0, ""TIDAK TERDETEKSI"", IF(COUNTIF(K73:O73, ""*TIDAK AKTIF*"") > 0, ""TIDAK AKTIF"", IF(COUNTIF(K73:O73, ""*BELUM TERPASANG*"") > 0, ""BELUM TERPASAN"&"G"", ""TIDAK AKTIF""))) ) )"),"TIDAK AKTIF") -> TIDAK AKTIF | U73: PLN | V73: 1500 | W73: SMAN 1, SMAN 2 & SMAN 3 LONG IKIS | X73: 604950
A74: =A73+1 -> 72 | B74: PASER | C74: LONG KALI | D74: MENDIK MAKMUR | E74: KANTOR DESA | F74: -1.4626906783413545 | G74: 116.26995935217819 | H74: TELKOMSEL | I74: ORBIT | J74: TERPASANG | M74: TIDAK AKTIF | N74: TIDAK AKTIF | O74: TIDAK AKTIF | P74: =IFERROR(__xludf.DUMMYFUNCTION("LET( angka_murni, ARRAYFORMULA(IFERROR(VALUE(REGEXREPLACE(K74:O74, ""[^0-9]"", """")), 0)), rata, IFERROR(AVERAGEIF(angka_murni, "">0""), 0), IF(rata > 0, IF(rata > 500, ""SANGAT OPTIMAL"", IF(rata > 200, ""OPTIMAL"", IF(rata > 100, "&"""KURANG OPTIMAL"", ""TIDAK OPTIMAL""))), IF(COUNTIF(K74:O74, ""*TIDAK TERDETEKSI*"") > 0, ""TIDAK TERDETEKSI"", IF(COUNTIF(K74:O74, ""*TIDAK AKTIF*"") > 0, ""TIDAK AKTIF"", IF(COUNTIF(K74:O74, ""*BELUM TERPASANG*"") > 0, ""BELUM TERPASAN"&"G"", ""TIDAK AKTIF""))) ) )"),"TIDAK AKTIF") -> TIDAK AKTIF | Q74: AGUS S. | R74: 0822 1376 1661 | U74: PLN | V74: 1019 | W74: SMAN 1 LONG KALI | X74: 768950
A75: =A74+1 -> 73 | B75: PASER | C75: TANAH GROGOT | D75: TANAH PERIUK | E75: KANTOR DESA | F75: -1.930 | G75: 116.203 | H75: TELKOMSEL | I75: INDIHOME | J75: TERPASANG | K75: TIDAK AKTIF | L75: TIDAK AKTIF | M75: TIDAK AKTIF | N75: TIDAK AKTIF | O75: TIDAK AKTIF | P75: =IFERROR(__xludf.DUMMYFUNCTION("LET( angka_murni, ARRAYFORMULA(IFERROR(VALUE(REGEXREPLACE(K75:O75, ""[^0-9]"", """")), 0)), rata, IFERROR(AVERAGEIF(angka_murni, "">0""), 0), IF(rata > 0, IF(rata > 500, ""SANGAT OPTIMAL"", IF(rata > 200, ""OPTIMAL"", IF(rata > 100, "&"""KURANG OPTIMAL"", ""TIDAK OPTIMAL""))), IF(COUNTIF(K75:O75, ""*TIDAK TERDETEKSI*"") > 0, ""TIDAK TERDETEKSI"", IF(COUNTIF(K75:O75, ""*TIDAK AKTIF*"") > 0, ""TIDAK AKTIF"", IF(COUNTIF(K75:O75, ""*BELUM TERPASANG*"") > 0, ""BELUM TERPASAN"&"G"", ""TIDAK AKTIF""))) ) )"),"TIDAK AKTIF") -> TIDAK AKTIF | U75: PLN | V75: 4506 | W75: SMKN 1, SMKN 2, SMKN 3, SMKN 4, SMAN 1, SMAN 2 & SLB TANAH GROGOT | X75: 604950 | Y75: https://tanahperiuk.desa.id/
A76: =A75+1 -> 74 | B76: PASER | C76: TANAH GROGOT | D76: SEMPULANG | E76: KANTOR DESA | F76: -1.858 | G76: 116.153 | H76: TELKOMSEL | I76: INDIHOME | J76: TERPASANG | K76: TIDAK AKTIF | L76: TIDAK AKTIF | M76: TIDAK AKTIF | N76: TIDAK AKTIF | O76: TIDAK AKTIF | P76: =IFERROR(__xludf.DUMMYFUNCTION("LET( angka_murni, ARRAYFORMULA(IFERROR(VALUE(REGEXREPLACE(K76:O76, ""[^0-9]"", """")), 0)), rata, IFERROR(AVERAGEIF(angka_murni, "">0""), 0), IF(rata > 0, IF(rata > 500, ""SANGAT OPTIMAL"", IF(rata > 200, ""OPTIMAL"", IF(rata > 100, "&"""KURANG OPTIMAL"", ""TIDAK OPTIMAL""))), IF(COUNTIF(K76:O76, ""*TIDAK TERDETEKSI*"") > 0, ""TIDAK TERDETEKSI"", IF(COUNTIF(K76:O76, ""*TIDAK AKTIF*"") > 0, ""TIDAK AKTIF"", IF(COUNTIF(K76:O76, ""*BELUM TERPASANG*"") > 0, ""BELUM TERPASAN"&"G"", ""TIDAK AKTIF""))) ) )"),"TIDAK AKTIF") -> TIDAK AKTIF | U76: PLN | V76: 2002 | W76: SMKN 1, SMKN 2, SMKN 3, SMKN 4, SMAN 1, SMAN 2 & SLB TANAH GROGOT | X76: 604950 | Y76: https://sempulang.desa.id/
A77: =A76+1 -> 75 | B77: PASER | C77: TANAH GROGOT | D77: TAPIS | E77: KANTOR DESA | F77: -1.876 | G77: 116.195 | H77: TELKOMSEL | I77: INDIHOME | J77: TERPASANG | K77: <= 500GB | L77: <= 150GB | M77: <= 10GB | N77: TIDAK AKTIF | O77: TIDAK AKTIF | P77: =IFERROR(__xludf.DUMMYFUNCTION("LET( angka_murni, ARRAYFORMULA(IFERROR(VALUE(REGEXREPLACE(K77:O77, ""[^0-9]"", """")), 0)), rata, IFERROR(AVERAGEIF(angka_murni, "">0""), 0), IF(rata > 0, IF(rata > 500, ""SANGAT OPTIMAL"", IF(rata > 200, ""OPTIMAL"", IF(rata > 100, "&"""KURANG OPTIMAL"", ""TIDAK OPTIMAL""))), IF(COUNTIF(K77:O77, ""*TIDAK TERDETEKSI*"") > 0, ""TIDAK TERDETEKSI"", IF(COUNTIF(K77:O77, ""*TIDAK AKTIF*"") > 0, ""TIDAK AKTIF"", IF(COUNTIF(K77:O77, ""*BELUM TERPASANG*"") > 0, ""BELUM TERPASAN"&"G"", ""TIDAK AKTIF""))) ) )"),"OPTIMAL") -> OPTIMAL | U77: PLN | V77: 5283 | W77: SMKN 1, SMKN 2, SMKN 3, SMKN 4, SMAN 1, SMAN 2 & SLB TANAH GROGOT | X77: 604950 | Y77: https://tapis.desa.id/
A78: =A77+1 -> 76 | B78: PENAJAM PASER UTARA | C78: BABULU | D78: BABULU DARAT | E78: KANTOR DESA | F78: -1.507 | G78: 116.448 | H78: TELKOMSEL | I78: INDIHOME | J78: TERPASANG | K78: <= 100GB | L78: <= 50GB | M78: TIDAK AKTIF | N78: TIDAK AKTIF | O78: TIDAK AKTIF | P78: =IFERROR(__xludf.DUMMYFUNCTION("LET( angka_murni, ARRAYFORMULA(IFERROR(VALUE(REGEXREPLACE(K78:O78, ""[^0-9]"", """")), 0)), rata, IFERROR(AVERAGEIF(angka_murni, "">0""), 0), IF(rata > 0, IF(rata > 500, ""SANGAT OPTIMAL"", IF(rata > 200, ""OPTIMAL"", IF(rata > 100, "&"""KURANG OPTIMAL"", ""TIDAK OPTIMAL""))), IF(COUNTIF(K78:O78, ""*TIDAK TERDETEKSI*"") > 0, ""TIDAK TERDETEKSI"", IF(COUNTIF(K78:O78, ""*TIDAK AKTIF*"") > 0, ""TIDAK AKTIF"", IF(COUNTIF(K78:O78, ""*BELUM TERPASANG*"") > 0, ""BELUM TERPASAN"&"G"", ""TIDAK AKTIF""))) ) )"),"TIDAK OPTIMAL") -> TIDAK OPTIMAL | U78: PLN | V78: 11961 | W78: SMKN 3 & SMAN 4 PPU | X78: 604950
A79: =A78+1 -> 77 | B79: PENAJAM PASER UTARA | C79: PENAJAM | D79: GIRI PURWA | E79: KANTOR DESA | F79: -1.343 | G79: 116.662 | H79: TELKOMSEL | I79: INDIHOME | J79: TERPASANG | K79: <= 1GB | L79: TIDAK AKTIF | M79: TIDAK AKTIF | N79: TIDAK AKTIF | O79: TIDAK AKTIF | P79: =IFERROR(__xludf.DUMMYFUNCTION("LET( angka_murni, ARRAYFORMULA(IFERROR(VALUE(REGEXREPLACE(K79:O79, ""[^0-9]"", """")), 0)), rata, IFERROR(AVERAGEIF(angka_murni, "">0""), 0), IF(rata > 0, IF(rata > 500, ""SANGAT OPTIMAL"", IF(rata > 200, ""OPTIMAL"", IF(rata > 100, "&"""KURANG OPTIMAL"", ""TIDAK OPTIMAL""))), IF(COUNTIF(K79:O79, ""*TIDAK TERDETEKSI*"") > 0, ""TIDAK TERDETEKSI"", IF(COUNTIF(K79:O79, ""*TIDAK AKTIF*"") > 0, ""TIDAK AKTIF"", IF(COUNTIF(K79:O79, ""*BELUM TERPASANG*"") > 0, ""BELUM TERPASAN"&"G"", ""TIDAK AKTIF""))) ) )"),"TIDAK OPTIMAL") -> TIDAK OPTIMAL | U79: PLN | V79: 4890 | W79: SMKN 2, SMAN 1, SMAN 5, SMAN 6, SMAN 8 & SLBN PPU | X79: 604950
A80: =A79+1 -> 78 | B80: PENAJAM PASER UTARA | C80: SEPAKU | D80: SUKO MULYO | E80: KANTOR DESA | F80: -0.912 | G80: 116.884 | H80: TELKOMSEL | I80: INDIHOME | J80: TERPASANG | K80: <= 200GB | L80: <= 150GB | M80: TIDAK AKTIF | N80: TIDAK AKTIF | O80: TIDAK AKTIF | P80: =IFERROR(__xludf.DUMMYFUNCTION("LET( angka_murni, ARRAYFORMULA(IFERROR(VALUE(REGEXREPLACE(K80:O80, ""[^0-9]"", """")), 0)), rata, IFERROR(AVERAGEIF(angka_murni, "">0""), 0), IF(rata > 0, IF(rata > 500, ""SANGAT OPTIMAL"", IF(rata > 200, ""OPTIMAL"", IF(rata > 100, "&"""KURANG OPTIMAL"", ""TIDAK OPTIMAL""))), IF(COUNTIF(K80:O80, ""*TIDAK TERDETEKSI*"") > 0, ""TIDAK TERDETEKSI"", IF(COUNTIF(K80:O80, ""*TIDAK AKTIF*"") > 0, ""TIDAK AKTIF"", IF(COUNTIF(K80:O80, ""*BELUM TERPASANG*"") > 0, ""BELUM TERPASAN"&"G"", ""TIDAK AKTIF""))) ) )"),"KURANG OPTIMAL") -> KURANG OPTIMAL | U80: PLN | V80: 2334 | W80: SMKN 1, SMKN 5, SMKN 6 & SMAN 3 PPU | X80: 604950
J81: . | M81: .

Sheet Evaluasi Kabupaten

Sheet Evaluasi ISP

Sheet Summary
B2: TERCOVER
B3: JUMLAH DESA | C3: 841
B4: TELKOM | C4: =COUNTIF('Data Master'!$H$3:$H$843,Summary!B4) -> 201
B5: TELKOMSAT | C5: =COUNTIF('Data Master'!$H$3:$H$843,Summary!B5) -> 78
B6: TELKOMSEL | C6: =COUNTIF('Data Master'!$H$3:$H$843,Summary!B6) -> 237
B7: ICON+ | C7: =COUNTIF('Data Master'!$H$3:$H$843,Summary!B7) -> 73
B8: COMTELINDO | C8: =COUNTIF('Data Master'!$H$3:$H$843,Summary!B8) -> 82
B9: BESTCAMP | C9: =COUNTIF('Data Master'!$H$3:$H$843,Summary!B9) -> 118
B10: PSN | C10: =COUNTIF('Data Master'!$H$3:$H$843,Summary!B10) -> 14
B11: TERCOVER | C11: =SUM(C4:C10) -> 803
B12: ON PROGRESS | C12: =C3-C11 -> 38
B14: TERCOVER | C14: =C11/$C$3 -> 0.9548157
B15: BELUM TERCOVER | C15: =C12/$C$3 -> 0.045184304
B28: TERPASANG
B29: ISP | C29: TERPASANG | D29: ON PROGRESS | E29: ACHIEVEMENT
B30: TELKOM | C30: =COUNTIFS('Data Master'!$H$3:$H$843,Summary!B30,'Data Master'!$K$3:$K$843,"TERPASANG")+COUNTIFS('Data Master'!$H$3:$H$843,Summary!B30,'Data Master'!$K$3:$K$843,"BARU TERPASANG") -> 201 | D30: =C4-C30 -> 0 | E30: =C30/C4 -> 1
B31: TELKOMSAT | C31: =COUNTIFS('Data Master'!$H$3:$H$843,Summary!B31,'Data Master'!$K$3:$K$843,"TERPASANG")+COUNTIFS('Data Master'!$H$3:$H$843,Summary!B31,'Data Master'!$K$3:$K$843,"BARU TERPASANG") -> 78 | D31: =C5-C31 -> 0 | E31: =C31/C5 -> 1
B32: TELKOMSEL | C32: =COUNTIFS('Data Master'!$H$3:$H$843,Summary!B32,'Data Master'!$K$3:$K$843,"TERPASANG")+COUNTIFS('Data Master'!$H$3:$H$843,Summary!B32,'Data Master'!$K$3:$K$843,"BARU TERPASANG") -> 237 | D32: =C6-C32 -> 0 | E32: =C32/C6 -> 1
B33: ICON+ | C33: =COUNTIFS('Data Master'!$H$3:$H$843,Summary!B33,'Data Master'!$K$3:$K$843,"TERPASANG")+COUNTIFS('Data Master'!$H$3:$H$843,Summary!B33,'Data Master'!$K$3:$K$843,"BARU TERPASANG") -> 73 | D33: =C7-C33 -> 0 | E33: =C33/C7 -> 1
B34: COMTELINDO | C34: =COUNTIFS('Data Master'!$H$3:$H$843,Summary!B34,'Data Master'!$K$3:$K$843,"TERPASANG")+COUNTIFS('Data Master'!$H$3:$H$843,Summary!B34,'Data Master'!$K$3:$K$843,"BARU TERPASANG") -> 82 | D34: =C8-C34 -> 0 | E34: =C34/C8 -> 1
B35: BESTCAMP | C35: =COUNTIFS('Data Master'!$H$3:$H$843,Summary!B35,'Data Master'!$K$3:$K$843,"TERPASANG")+COUNTIFS('Data Master'!$H$3:$H$843,Summary!B35,'Data Master'!$K$3:$K$843,"BARU TERPASANG") -> 118 | D35: =C9-C35 -> 0 | E35: =C35/C9 -> 1
B36: PSN | C36: =COUNTIFS('Data Master'!$H$3:$H$843,Summary!B36,'Data Master'!$K$3:$K$843,"TERPASANG")+COUNTIFS('Data Master'!$H$3:$H$843,Summary!B36,'Data Master'!$K$3:$K$843,"BARU TERPASANG") -> 14 | D36: =C10-C36 -> 0 | E36: =C36/C10 -> 1
B37: ON PROGRESS | D37: =C12 -> 38
B38: TOTAL | C38: =SUM(C30:C36) -> 803 | D38: =SUM(D30:D37) -> 38 | E38: =C38/C3 -> 0.9548157
B40: TERPASANG | C40: =C38/$C$3 -> 0.9548157
B41: BELUM TERPASANG | C41: =D38/$C$3 -> 0.045184304

Sheet data_olah
A3: NO | B3: NAMA KABUPATEN | C3: NAMA KECAMATAN | D3: NAMA DESA | E3: TITIK PEMASANGAN | F3: TITIK KOORDINAT | H3: ISP | I3: PRODUK | J3: STATUS | K3: LANJUT | L3: ALASAN | M3: 2025 | T3: 2026 | U3: HASIL EVALUASI | V3: KONDISI LISTRIK | W3: RENCANA 2026 | X3: LINK WEBSITE DESA
A4: NO | B4: NAMA KABUPATEN | C4: NAMA KECAMATAN | D4: NAMA DESA | E4: TITIK PEMASANGAN | F4: KOORDINAT LINTANG | G4: KOORDINAT BUJUR | H4: ISP | I4: PRODUK | J4: STATUS | M4: JUNI | N4: JULI | O4: AGUSTUS | P4: SEPTEMBER | Q4: OKTOBER | R4: NOVEMBER | S4: DESEMBER | T4: JANUARI | U4: HASIL EVALUASI | V4: LISTRIK | W4: RENCANA 2026 | X4: LINK
A5: 1 | B5: BERAU | C5: BATU PUTIH | D5: TEMBUDAN | E5: KANTOR DESA | F5: 1.4114940697991807 | G5: 118.35868228189355 | H5: TELKOMSEL | I5: INDIHOME | J5: TERPASANG | L5: PEMAKAIAN TIDAK OPTIMAL <100 GB DI SETIAP BULAN | O5: <= 100GB | P5: <= 100GB | Q5: <= 100GB | R5: TIDAK TERDETEKSI | S5: TIDAK TERDETEKSI | U5: =IFERROR(__xludf.DUMMYFUNCTION("LET( angka_murni, ARRAYFORMULA(IFERROR(VALUE(REGEXREPLACE(N5:S5, ""[^0-9]"", """")), 0)), rata, IFERROR(AVERAGEIF(angka_murni, "">0""), 0), IF(rata > 0, IF(rata > 500, ""SANGAT OPTIMAL"", IF(rata > 200, ""OPTIMAL"", IF(rata > 100, ""K"&"URANG OPTIMAL"", ""TIDAK OPTIMAL""))), IF(COUNTIF(N5:S5, ""*TIDAK TERDETEKSI*"") > 0, ""TIDAK TERDETEKSI"", IF(COUNTIF(N5:S5, ""*TIDAK AKTIF*"") > 0, ""TIDAK AKTIF"", IF(COUNTIF(N5:S5, ""*BELUM TERPASANG*"") > 0, ""BELUM TERPASANG"", ""TI"&"DAK AKTIF""))) ) )"),"TIDAK OPTIMAL") -> TIDAK OPTIMAL | X5: https://tembudan.digitaldesa.id/
A6: =A5+1 -> 2 | B6: BERAU | C6: BATU PUTIH | D6: KAYU INDAH | E6: KANTOR DESA | F6: 1.4322942440867155 | G6: 118.31393952860488 | H6: TELKOMSEL | I6: ORBIT | J6: TERPASANG | M6: BELUM TERPASANG | N6: BELUM TERPASANG | O6: BELUM TERPASANG | P6: BELUM TERPASANG | Q6: TIDAK TERDETEKSI | R6: TIDAK TERDETEKSI | S6: TIDAK TERDETEKSI | T6: TIDAK AKTIF | U6: =IFERROR(__xludf.DUMMYFUNCTION("LET( angka_murni, ARRAYFORMULA(IFERROR(VALUE(REGEXREPLACE(N6:S6, ""[^0-9]"", """")), 0)), rata, IFERROR(AVERAGEIF(angka_murni, "">0""), 0), IF(rata > 0, IF(rata > 500, ""SANGAT OPTIMAL"", IF(rata > 200, ""OPTIMAL"", IF(rata > 100, ""K"&"URANG OPTIMAL"", ""TIDAK OPTIMAL""))), IF(COUNTIF(N6:S6, ""*TIDAK TERDETEKSI*"") > 0, ""TIDAK TERDETEKSI"", IF(COUNTIF(N6:S6, ""*TIDAK AKTIF*"") > 0, ""TIDAK AKTIF"", IF(COUNTIF(N6:S6, ""*BELUM TERPASANG*"") > 0, ""BELUM TERPASANG"", ""TI"&"DAK AKTIF""))) ) )"),"TIDAK TERDETEKSI") -> TIDAK TERDETEKSI | X6: https://kayuindah.id/
A7: =A6+1 -> 3 | B7: BERAU | C7: BATU PUTIH | D7: BATU PUTIH | E7: KANTOR DESA | F7: 1.3724255224541961 | G7: 118.43450953203936 | H7: TELKOMSEL | I7: INDIHOME | J7: TERPASANG | L7: PEMAKAIAN TIDAK OPTIMAL <200 GB DI BULAN AGUSTUS & OKTOBER | O7: <= 200GB | P7: > 200GB | Q7: <= 150GB | U7: =IFERROR(__xludf.DUMMYFUNCTION("LET( angka_murni, ARRAYFORMULA(IFERROR(VALUE(REGEXREPLACE(N7:S7, ""[^0-9]"", """")), 0)), rata, IFERROR(AVERAGEIF(angka_murni, "">0""), 0), IF(rata > 0, IF(rata > 500, ""SANGAT OPTIMAL"", IF(rata > 200, ""OPTIMAL"", IF(rata > 100, ""K"&"URANG OPTIMAL"", ""TIDAK OPTIMAL""))), IF(COUNTIF(N7:S7, ""*TIDAK TERDETEKSI*"") > 0, ""TIDAK TERDETEKSI"", IF(COUNTIF(N7:S7, ""*TIDAK AKTIF*"") > 0, ""TIDAK AKTIF"", IF(COUNTIF(N7:S7, ""*BELUM TERPASANG*"") > 0, ""BELUM TERPASANG"", ""TI"&"DAK AKTIF""))) ) )"),"KURANG OPTIMAL") -> KURANG OPTIMAL | X7: https://kampungbatuputih.com/
A8: =A7+1 -> 4 | B8: BERAU | C8: BATU PUTIH | D8: LOBANG KELATAK | E8: KANTOR DESA | F8: 1.3696535243221635 | G8: 118.43360512047137 | H8: TELKOMSAT | I8: STARLINK | J8: TERPASANG | M8: BELUM TERPASANG | N8: BELUM TERPASANG | O8: BELUM TERPASANG | P8: <= 100GB | Q8: <= 500GB | R8: <= 150GB | S8: <= 150GB | U8: =IFERROR(__xludf.DUMMYFUNCTION("LET( angka_murni, ARRAYFORMULA(IFERROR(VALUE(REGEXREPLACE(N8:S8, ""[^0-9]"", """")), 0)), rata, IFERROR(AVERAGEIF(angka_murni, "">0""), 0), IF(rata > 0, IF(rata > 500, ""SANGAT OPTIMAL"", IF(rata > 200, ""OPTIMAL"", IF(rata > 100, ""K"&"URANG OPTIMAL"", ""TIDAK OPTIMAL""))), IF(COUNTIF(N8:S8, ""*TIDAK TERDETEKSI*"") > 0, ""TIDAK TERDETEKSI"", IF(COUNTIF(N8:S8, ""*TIDAK AKTIF*"") > 0, ""TIDAK AKTIF"", IF(COUNTIF(N8:S8, ""*BELUM TERPASANG*"") > 0, ""BELUM TERPASANG"", ""TI"&"DAK AKTIF""))) ) )"),"OPTIMAL") -> OPTIMAL | X8: https://kampungbatuputih.com/
A9: =A8+1 -> 5 | B9: BERAU | C9: BATU PUTIH | D9: AMPEN MEDANG | E9: KANTOR DESA | F9: 1.336828851288219 | G9: 118.47551684091498 | H9: TELKOMSEL | I9: ORBIT | J9: TERPASANG | M9: BELUM TERPASANG | N9: BELUM TERPASANG | O9: BELUM TERPASANG | P9: BELUM TERPASANG | Q9: TIDAK TERDETEKSI | R9: TIDAK TERDETEKSI | S9: TIDAK TERDETEKSI | T9: <= 50GB | U9: =IFERROR(__xludf.DUMMYFUNCTION("LET( angka_murni, ARRAYFORMULA(IFERROR(VALUE(REGEXREPLACE(N9:S9, ""[^0-9]"", """")), 0)), rata, IFERROR(AVERAGEIF(angka_murni, "">0""), 0), IF(rata > 0, IF(rata > 500, ""SANGAT OPTIMAL"", IF(rata > 200, ""OPTIMAL"", IF(rata > 100, ""K"&"URANG OPTIMAL"", ""TIDAK OPTIMAL""))), IF(COUNTIF(N9:S9, ""*TIDAK TERDETEKSI*"") > 0, ""TIDAK TERDETEKSI"", IF(COUNTIF(N9:S9, ""*TIDAK AKTIF*"") > 0, ""TIDAK AKTIF"", IF(COUNTIF(N9:S9, ""*BELUM TERPASANG*"") > 0, ""BELUM TERPASANG"", ""TI"&"DAK AKTIF""))) ) )"),"TIDAK TERDETEKSI") -> TIDAK TERDETEKSI
A10: =A9+1 -> 6 | B10: BERAU | C10: BATU PUTIH | D10: BALIKUKUP | E10: KANTOR DESA | F10: 1.417831510111881 | G10: 118.48055756225688 | H10: COMTELINDO | I10: WMS | J10: TERPASANG | O10: TIDAK TERDETEKSI | P10: TIDAK TERDETEKSI | Q10: TIDAK TERDETEKSI | R10: <= 150GB | S10: >1000GB | T10: >1000GB | U10: =IFERROR(__xludf.DUMMYFUNCTION("LET( angka_murni, ARRAYFORMULA(IFERROR(VALUE(REGEXREPLACE(N10:S10, ""[^0-9]"", """")), 0)), rata, IFERROR(AVERAGEIF(angka_murni, "">0""), 0), IF(rata > 0, IF(rata > 500, ""SANGAT OPTIMAL"", IF(rata > 200, ""OPTIMAL"", IF(rata > 100, "&"""KURANG OPTIMAL"", ""TIDAK OPTIMAL""))), IF(COUNTIF(N10:S10, ""*TIDAK TERDETEKSI*"") > 0, ""TIDAK TERDETEKSI"", IF(COUNTIF(N10:S10, ""*TIDAK AKTIF*"") > 0, ""TIDAK AKTIF"", IF(COUNTIF(N10:S10, ""*BELUM TERPASANG*"") > 0, ""BELUM TERPASAN"&"G"", ""TIDAK AKTIF""))) ) )"),"SANGAT OPTIMAL") -> SANGAT OPTIMAL | V10: PLTS TERPUSAT KESDM 2016/2017
A11: =A10+1 -> 7 | B11: BERAU | C11: BATU PUTIH | D11: SUMBER AGUNG | E11: KANTOR DESA | F11: 1.4578195365757132 | G11: 118.31199995866533 | H11: TELKOMSEL | I11: ORBIT | J11: TERPASANG | M11: BELUM TERPASANG | N11: BELUM TERPASANG | O11: BELUM TERPASANG | P11: BELUM TERPASANG | Q11: TIDAK TERDETEKSI | R11: TIDAK TERDETEKSI | S11: TIDAK TERDETEKSI | T11: TIDAK AKTIF | U11: =IFERROR(__xludf.DUMMYFUNCTION("LET( angka_murni, ARRAYFORMULA(IFERROR(VALUE(REGEXREPLACE(N11:S11, ""[^0-9]"", """")), 0)), rata, IFERROR(AVERAGEIF(angka_murni, "">0""), 0), IF(rata > 0, IF(rata > 500, ""SANGAT OPTIMAL"", IF(rata > 200, ""OPTIMAL"", IF(rata > 100, "&"""KURANG OPTIMAL"", ""TIDAK OPTIMAL""))), IF(COUNTIF(N11:S11, ""*TIDAK TERDETEKSI*"") > 0, ""TIDAK TERDETEKSI"", IF(COUNTIF(N11:S11, ""*TIDAK AKTIF*"") > 0, ""TIDAK AKTIF"", IF(COUNTIF(N11:S11, ""*BELUM TERPASANG*"") > 0, ""BELUM TERPASAN"&"G"", ""TIDAK AKTIF""))) ) )"),"TIDAK TERDETEKSI") -> TIDAK TERDETEKSI | X11: https://sumberagung.digitaldesa.id/
A12: =A11+1 -> 8 | B12: BERAU | C12: BIATAN | D12: BIATAN ULU | E12: KANTOR DESA | F12: 1.335551728209252 | G12: 117.91302325587445 | H12: COMTELINDO | I12: WMS | J12: TERPASANG | O12: TIDAK TERDETEKSI | P12: TIDAK TERDETEKSI | Q12: TIDAK TERDETEKSI | R12: TIDAK TERDETEKSI | S12: >1000GB | T12: TIDAK TERDETEKSI | U12: =IFERROR(__xludf.DUMMYFUNCTION("LET( angka_murni, ARRAYFORMULA(IFERROR(VALUE(REGEXREPLACE(N12:S12, ""[^0-9]"", """")), 0)), rata, IFERROR(AVERAGEIF(angka_murni, "">0""), 0), IF(rata > 0, IF(rata > 500, ""SANGAT OPTIMAL"", IF(rata > 200, ""OPTIMAL"", IF(rata > 100, "&"""KURANG OPTIMAL"", ""TIDAK OPTIMAL""))), IF(COUNTIF(N12:S12, ""*TIDAK TERDETEKSI*"") > 0, ""TIDAK TERDETEKSI"", IF(COUNTIF(N12:S12, ""*TIDAK AKTIF*"") > 0, ""TIDAK AKTIF"", IF(COUNTIF(N12:S12, ""*BELUM TERPASANG*"") > 0, ""BELUM TERPASAN"&"G"", ""TIDAK AKTIF""))) ) )"),"SANGAT OPTIMAL") -> SANGAT OPTIMAL
A13: =A12+1 -> 9 | B13: BERAU | C13: BIATAN | D13: BIATAN ILIR | E13: KANTOR DESA | F13: 1.6642044191360845 | G13: 118.05895755623887 | M13: BELUM TERPASANG | N13: BELUM TERPASANG | O13: BELUM TERPASANG | P13: BELUM TERPASANG | Q13: BELUM TERPASANG | R13: BELUM TERPASANG | S13: BELUM TERPASANG | U13: =IFERROR(__xludf.DUMMYFUNCTION("LET( angka_murni, ARRAYFORMULA(IFERROR(VALUE(REGEXREPLACE(N13:S13, ""[^0-9]"", """")), 0)), rata, IFERROR(AVERAGEIF(angka_murni, "">0""), 0), IF(rata > 0, IF(rata > 500, ""SANGAT OPTIMAL"", IF(rata > 200, ""OPTIMAL"", IF(rata > 100, "&"""KURANG OPTIMAL"", ""TIDAK OPTIMAL""))), IF(COUNTIF(N13:S13, ""*TIDAK TERDETEKSI*"") > 0, ""TIDAK TERDETEKSI"", IF(COUNTIF(N13:S13, ""*TIDAK AKTIF*"") > 0, ""TIDAK AKTIF"", IF(COUNTIF(N13:S13, ""*BELUM TERPASANG*"") > 0, ""BELUM TERPASAN"&"G"", ""TIDAK AKTIF""))) ) )"),"BELUM TERPASANG") -> BELUM TERPASANG | X13: https://biatanilir.berdesa.id/
A14: =A13+1 -> 10 | B14: BERAU | C14: BIATAN | D14: KARANGAN | E14: KANTOR DESA | F14: 1.664768 | G14: 118.055052 | H14: BESTCAMP | I14: STARLINK | J14: TERPASANG | M14: BELUM TERPASANG | N14: BELUM TERPASANG | O14: BELUM TERPASANG | P14: <= 50GB | Q14: <= 150GB | R14: <= 150GB | S14: <= 500GB | T14: <= 500GB | U14: =IFERROR(__xludf.DUMMYFUNCTION("LET( angka_murni, ARRAYFORMULA(IFERROR(VALUE(REGEXREPLACE(N14:S14, ""[^0-9]"", """")), 0)), rata, IFERROR(AVERAGEIF(angka_murni, "">0""), 0), IF(rata > 0, IF(rata > 500, ""SANGAT OPTIMAL"", IF(rata > 200, ""OPTIMAL"", IF(rata > 100, "&"""KURANG OPTIMAL"", ""TIDAK OPTIMAL""))), IF(COUNTIF(N14:S14, ""*TIDAK TERDETEKSI*"") > 0, ""TIDAK TERDETEKSI"", IF(COUNTIF(N14:S14, ""*TIDAK AKTIF*"") > 0, ""TIDAK AKTIF"", IF(COUNTIF(N14:S14, ""*BELUM TERPASANG*"") > 0, ""BELUM TERPASAN"&"G"", ""TIDAK AKTIF""))) ) )"),"OPTIMAL") -> OPTIMAL | X14: https://desakarangan.id/
A15: =A14+1 -> 11 | B15: BERAU | C15: BIATAN | D15: BIATAN LEMPAKE | E15: KANTOR DESA | F15: 1.6636596092541116 | G15: 118.02909364298678 | H15: TELKOM | I15: WMS | J15: TERPASANG | L15: PEMAKAIAN TIDAK OPTIMAL <200 GB TIAP BULAN | N15: > 200GB | O15: <= 150GB | P15: <= 150GB | Q15: <= 100GB | R15: <= 100GB | S15: <= 200GB | U15: =IFERROR(__xludf.DUMMYFUNCTION("LET( angka_murni, ARRAYFORMULA(IFERROR(VALUE(REGEXREPLACE(N15:S15, ""[^0-9]"", """")), 0)), rata, IFERROR(AVERAGEIF(angka_murni, "">0""), 0), IF(rata > 0, IF(rata > 500, ""SANGAT OPTIMAL"", IF(rata > 200, ""OPTIMAL"", IF(rata > 100, "&"""KURANG OPTIMAL"", ""TIDAK OPTIMAL""))), IF(COUNTIF(N15:S15, ""*TIDAK TERDETEKSI*"") > 0, ""TIDAK TERDETEKSI"", IF(COUNTIF(N15:S15, ""*TIDAK AKTIF*"") > 0, ""TIDAK AKTIF"", IF(COUNTIF(N15:S15, ""*BELUM TERPASANG*"") > 0, ""BELUM TERPASAN"&"G"", ""TIDAK AKTIF""))) ) )"),"KURANG OPTIMAL") -> KURANG OPTIMAL | X15: https://biatan-lempake.geodesa.id/
A16: =A15+1 -> 12 | B16: BERAU | C16: BIATAN | D16: MANUNGGAL JAYA | E16: KANTOR DESA | F16: 1.68341854814553 | G16: 118.0118597 | H16: TELKOM | I16: WMS | J16: TERPASANG | L16: TIDAK ADA PEMAKAIAN DARI AWAL PEMASANGAN | M16: BELUM TERPASANG | N16: TIDAK AKTIF | O16: TIDAK AKTIF | P16: TIDAK AKTIF | Q16: TIDAK AKTIF | R16: TIDAK AKTIF | S16: TIDAK AKTIF | U16: =IFERROR(__xludf.DUMMYFUNCTION("LET( angka_murni, ARRAYFORMULA(IFERROR(VALUE(REGEXREPLACE(N16:S16, ""[^0-9]"", """")), 0)), rata, IFERROR(AVERAGEIF(angka_murni, "">0""), 0), IF(rata > 0, IF(rata > 500, ""SANGAT OPTIMAL"", IF(rata > 200, ""OPTIMAL"", IF(rata > 100, "&"""KURANG OPTIMAL"", ""TIDAK OPTIMAL""))), IF(COUNTIF(N16:S16, ""*TIDAK TERDETEKSI*"") > 0, ""TIDAK TERDETEKSI"", IF(COUNTIF(N16:S16, ""*TIDAK AKTIF*"") > 0, ""TIDAK AKTIF"", IF(COUNTIF(N16:S16, ""*BELUM TERPASANG*"") > 0, ""BELUM TERPASAN"&"G"", ""TIDAK AKTIF""))) ) )"),"TIDAK AKTIF") -> TIDAK AKTIF
A17: =A16+1 -> 13 | B17: BERAU | C17: BIATAN | D17: BIATAN BAPINANG | E17: KANTOR DESA | F17: 1.714376961620032 | G17: 117.98620198580738 | H17: TELKOMSEL | I17: ORBIT | J17: TERPASANG | M17: BELUM TERPASANG | N17: BELUM TERPASANG | O17: BELUM TERPASANG | P17: BELUM TERPASANG | Q17: TIDAK TERDETEKSI | R17: TIDAK TERDETEKSI | S17: TIDAK TERDETEKSI | T17: <= 500GB | U17: =IFERROR(__xludf.DUMMYFUNCTION("LET( angka_murni, ARRAYFORMULA(IFERROR(VALUE(REGEXREPLACE(N17:S17, ""[^0-9]"", """")), 0)), rata, IFERROR(AVERAGEIF(angka_murni, "">0""), 0), IF(rata > 0, IF(rata > 500, ""SANGAT OPTIMAL"", IF(rata > 200, ""OPTIMAL"", IF(rata > 100, "&"""KURANG OPTIMAL"", ""TIDAK OPTIMAL""))), IF(COUNTIF(N17:S17, ""*TIDAK TERDETEKSI*"") > 0, ""TIDAK TERDETEKSI"", IF(COUNTIF(N17:S17, ""*TIDAK AKTIF*"") > 0, ""TIDAK AKTIF"", IF(COUNTIF(N17:S17, ""*BELUM TERPASANG*"") > 0, ""BELUM TERPASAN"&"G"", ""TIDAK AKTIF""))) ) )"),"TIDAK TERDETEKSI") -> TIDAK TERDETEKSI
A18: =A17+1 -> 14 | B18: BERAU | C18: BIATAN | D18: BIATAN BARU | E18: KANTOR DESA | F18: 1.5776146865362355 | G18: 117.98254060131111 | H18: COMTELINDO | I18: WMS | J18: TERPASANG | K18: TIDAK | L18: BUKAN TEMPAT PRIORITAS | O18: TIDAK TERDETEKSI | P18: TIDAK TERDETEKSI | Q18: TIDAK TERDETEKSI | R18: <= 150GB | S18: <=1000GB | T18: <= 500GB | U18: =IFERROR(__xludf.DUMMYFUNCTION("LET( angka_murni, ARRAYFORMULA(IFERROR(VALUE(REGEXREPLACE(N18:S18, ""[^0-9]"", """")), 0)), rata, IFERROR(AVERAGEIF(angka_murni, "">0""), 0), IF(rata > 0, IF(rata > 500, ""SANGAT OPTIMAL"", IF(rata > 200, ""OPTIMAL"", IF(rata > 100, "&"""KURANG OPTIMAL"", ""TIDAK OPTIMAL""))), IF(COUNTIF(N18:S18, ""*TIDAK TERDETEKSI*"") > 0, ""TIDAK TERDETEKSI"", IF(COUNTIF(N18:S18, ""*TIDAK AKTIF*"") > 0, ""TIDAK AKTIF"", IF(COUNTIF(N18:S18, ""*BELUM TERPASANG*"") > 0, ""BELUM TERPASAN"&"G"", ""TIDAK AKTIF""))) ) )"),"SANGAT OPTIMAL") -> SANGAT OPTIMAL
A19: =A18+1 -> 15 | B19: BERAU | C19: BIATAN | D19: BUKIT MAKMUR JAYA | E19: KANTOR DESA | F19: 1.6436982211065871 | G19: 117.9270624998015 | H19: COMTELINDO | I19: WMS | J19: TERPASANG | O19: TIDAK TERDETEKSI | P19: TIDAK TERDETEKSI | Q19: TIDAK TERDETEKSI | R19: TIDAK TERDETEKSI | S19: <=1000GB | T19: <= 150GB | U19: =IFERROR(__xludf.DUMMYFUNCTION("LET( angka_murni, ARRAYFORMULA(IFERROR(VALUE(REGEXREPLACE(N19:S19, ""[^0-9]"", """")), 0)), rata, IFERROR(AVERAGEIF(angka_murni, "">0""), 0), IF(rata > 0, IF(rata > 500, ""SANGAT OPTIMAL"", IF(rata > 200, ""OPTIMAL"", IF(rata > 100, "&"""KURANG OPTIMAL"", ""TIDAK OPTIMAL""))), IF(COUNTIF(N19:S19, ""*TIDAK TERDETEKSI*"") > 0, ""TIDAK TERDETEKSI"", IF(COUNTIF(N19:S19, ""*TIDAK AKTIF*"") > 0, ""TIDAK AKTIF"", IF(COUNTIF(N19:S19, ""*BELUM TERPASANG*"") > 0, ""BELUM TERPASAN"&"G"", ""TIDAK AKTIF""))) ) )"),"SANGAT OPTIMAL") -> SANGAT OPTIMAL
A20: =A19+1 -> 16 | B20: BERAU | C20: BIDUK-BIDUK | D20: BIDUK-BIDUK | E20: KANTOR DESA | F20: 1.3102393782348722 | G20: 118.62564678631931 | H20: TELKOMSEL | I20: ORBIT | J20: TERPASANG | M20: BELUM TERPASANG | N20: BELUM TERPASANG | O20: BELUM TERPASANG | P20: BELUM TERPASANG | Q20: TIDAK TERDETEKSI | R20: TIDAK TERDETEKSI | S20: TIDAK TERDETEKSI | T20: TIDAK AKTIF | U20: =IFERROR(__xludf.DUMMYFUNCTION("LET( angka_murni, ARRAYFORMULA(IFERROR(VALUE(REGEXREPLACE(N20:S20, ""[^0-9]"", """")), 0)), rata, IFERROR(AVERAGEIF(angka_murni, "">0""), 0), IF(rata > 0, IF(rata > 500, ""SANGAT OPTIMAL"", IF(rata > 200, ""OPTIMAL"", IF(rata > 100, "&"""KURANG OPTIMAL"", ""TIDAK OPTIMAL""))), IF(COUNTIF(N20:S20, ""*TIDAK TERDETEKSI*"") > 0, ""TIDAK TERDETEKSI"", IF(COUNTIF(N20:S20, ""*TIDAK AKTIF*"") > 0, ""TIDAK AKTIF"", IF(COUNTIF(N20:S20, ""*BELUM TERPASANG*"") > 0, ""BELUM TERPASAN"&"G"", ""TIDAK AKTIF""))) ) )"),"TIDAK TERDETEKSI") -> TIDAK TERDETEKSI | X20: https://kampungbiduk.id/
A21: =A20+1 -> 17 | B21: BERAU | C21: BIDUK-BIDUK | D21: PANTAI HARAPAN | E21: KANTOR DESA | F21: 1.2859061874501128 | G21: 118.65429730385846 | H21: TELKOM | I21: WMS | J21: TERPASANG | L21: TIDAK ADA PEMAKAIAN 1 BULAN AWAL DAN PEMAKAIAN TIDAK OPTIMAL <100 GB BULAN LAINNYA | N21: TIDAK AKTIF | O21: <= 10GB | P21: <= 50GB | Q21: <= 50GB | R21: <= 50GB | S21: <= 100GB | U21: =IFERROR(__xludf.DUMMYFUNCTION("LET( angka_murni, ARRAYFORMULA(IFERROR(VALUE(REGEXREPLACE(N21:S21, ""[^0-9]"", """")), 0)), rata, IFERROR(AVERAGEIF(angka_murni, "">0""), 0), IF(rata > 0, IF(rata > 500, ""SANGAT OPTIMAL"", IF(rata > 200, ""OPTIMAL"", IF(rata > 100, "&"""KURANG OPTIMAL"", ""TIDAK OPTIMAL""))), IF(COUNTIF(N21:S21, ""*TIDAK TERDETEKSI*"") > 0, ""TIDAK TERDETEKSI"", IF(COUNTIF(N21:S21, ""*TIDAK AKTIF*"") > 0, ""TIDAK AKTIF"", IF(COUNTIF(N21:S21, ""*BELUM TERPASANG*"") > 0, ""BELUM TERPASAN"&"G"", ""TIDAK AKTIF""))) ) )"),"TIDAK OPTIMAL") -> TIDAK OPTIMAL | X21: https://majupantaiharapan.com/
A22: =A21+1 -> 18 | B22: BERAU | C22: BIDUK-BIDUK | D22: TANJUNG PREPAT | E22: KANTOR DESA | F22: 1.3110253879927252 | G22: 118.62600528299706 | H22: TELKOM | I22: WMS | J22: TERPASANG | L22: PEMAKAIAN TIDAK OPTIMAL <100 GB TIAP BULAN KECUALI BULAN OKTOBER | N22: BELUM TERPASANG | O22: BELUM TERPASANG | P22: <= 50GB | Q22: <= 150GB | R22: <= 50GB | S22: <= 100GB | U22: =IFERROR(__xludf.DUMMYFUNCTION("LET( angka_murni, ARRAYFORMULA(IFERROR(VALUE(REGEXREPLACE(N22:S22, ""[^0-9]"", """")), 0)), rata, IFERROR(AVERAGEIF(angka_murni, "">0""), 0), IF(rata > 0, IF(rata > 500, ""SANGAT OPTIMAL"", IF(rata > 200, ""OPTIMAL"", IF(rata > 100, "&"""KURANG OPTIMAL"", ""TIDAK OPTIMAL""))), IF(COUNTIF(N22:S22, ""*TIDAK TERDETEKSI*"") > 0, ""TIDAK TERDETEKSI"", IF(COUNTIF(N22:S22, ""*TIDAK AKTIF*"") > 0, ""TIDAK AKTIF"", IF(COUNTIF(N22:S22, ""*BELUM TERPASANG*"") > 0, ""BELUM TERPASAN"&"G"", ""TIDAK AKTIF""))) ) )"),"TIDAK OPTIMAL") -> TIDAK OPTIMAL
A23: =A22+1 -> 19 | B23: BERAU | C23: BIDUK-BIDUK | D23: TELUK SUMBANG | E23: KANTOR DESA | F23: 1.047659997887953 | G23: 118.82834512867876 | H23: COMTELINDO | I23: WMS | J23: TERPASANG | O23: TIDAK TERDETEKSI | P23: TIDAK TERDETEKSI | Q23: TIDAK TERDETEKSI | R23: TIDAK TERDETEKSI | S23: TIDAK TERDETEKSI | T23: <=1000GB | U23: =IFERROR(__xludf.DUMMYFUNCTION("LET( angka_murni, ARRAYFORMULA(IFERROR(VALUE(REGEXREPLACE(N23:S23, ""[^0-9]"", """")), 0)), rata, IFERROR(AVERAGEIF(angka_murni, "">0""), 0), IF(rata > 0, IF(rata > 500, ""SANGAT OPTIMAL"", IF(rata > 200, ""OPTIMAL"", IF(rata > 100, "&"""KURANG OPTIMAL"", ""TIDAK OPTIMAL""))), IF(COUNTIF(N23:S23, ""*TIDAK TERDETEKSI*"") > 0, ""TIDAK TERDETEKSI"", IF(COUNTIF(N23:S23, ""*TIDAK AKTIF*"") > 0, ""TIDAK AKTIF"", IF(COUNTIF(N23:S23, ""*BELUM TERPASANG*"") > 0, ""BELUM TERPASAN"&"G"", ""TIDAK AKTIF""))) ) )"),"TIDAK TERDETEKSI") -> TIDAK TERDETEKSI | V23: WILUS PLTS TERPUSAT | X23: https://teluksumbang.digitaldesa.id/
A24: =A23+1 -> 20 | B24: BERAU | C24: BIDUK-BIDUK | D24: TELUK SULAIMAN | E24: KANTOR DESA | F24: 1.1749437584216023 | G24: 118.76764368946284 | H24: TELKOMSEL | I24: INDIHOME | J24: TERPASANG | L24: PEMAKAIAN TIDAK OPTIMAL <50 GB DI BULAN AGUSTUS & TIDAK ADA PEMAKAIAN DI BULAN OKTOBER | O24: <= 50GB | P24: <= 100GB | Q24: TIDAK AKTIF | U24: =IFERROR(__xludf.DUMMYFUNCTION("LET( angka_murni, ARRAYFORMULA(IFERROR(VALUE(REGEXREPLACE(N24:S24, ""[^0-9]"", """")), 0)), rata, IFERROR(AVERAGEIF(angka_murni, "">0""), 0), IF(rata > 0, IF(rata > 500, ""SANGAT OPTIMAL"", IF(rata > 200, ""OPTIMAL"", IF(rata > 100, "&"""KURANG OPTIMAL"", ""TIDAK OPTIMAL""))), IF(COUNTIF(N24:S24, ""*TIDAK TERDETEKSI*"") > 0, ""TIDAK TERDETEKSI"", IF(COUNTIF(N24:S24, ""*TIDAK AKTIF*"") > 0, ""TIDAK AKTIF"", IF(COUNTIF(N24:S24, ""*BELUM TERPASANG*"") > 0, ""BELUM TERPASAN"&"G"", ""TIDAK AKTIF""))) ) )"),"TIDAK OPTIMAL") -> TIDAK OPTIMAL
A25: =A24+1 -> 21 | B25: BERAU | C25: BIDUK-BIDUK | D25: GIRING-GIRING | E25: KANTOR DESA | F25: 1.2077694200696352 | G25: 118.7571945097419 | H25: TELKOMSEL | I25: INDIHOME | J25: TERPASANG | O25: > 200GB | P25: > 200GB | Q25: > 200GB | U25: =IFERROR(__xludf.DUMMYFUNCTION("LET( angka_murni, ARRAYFORMULA(IFERROR(VALUE(REGEXREPLACE(N25:S25, ""[^0-9]"", """")), 0)), rata, IFERROR(AVERAGEIF(angka_murni, "">0""), 0), IF(rata > 0, IF(rata > 500, ""SANGAT OPTIMAL"", IF(rata > 200, ""OPTIMAL"", IF(rata > 100, "&"""KURANG OPTIMAL"", ""TIDAK OPTIMAL""))), IF(COUNTIF(N25:S25, ""*TIDAK TERDETEKSI*"") > 0, ""TIDAK TERDETEKSI"", IF(COUNTIF(N25:S25, ""*TIDAK AKTIF*"") > 0, ""TIDAK AKTIF"", IF(COUNTIF(N25:S25, ""*BELUM TERPASANG*"") > 0, ""BELUM TERPASAN"&"G"", ""TIDAK AKTIF""))) ) )"),"KURANG OPTIMAL") -> KURANG OPTIMAL | X25: https://giring-giring.id/
A26: =A25+1 -> 22 | B26: BERAU | C26: GUNUNG TABUR | D26: TASUK | E26: KANTOR DESA | F26: 2.1750301997960673 | G26: 117.41736049437013 | H26: COMTELINDO | I26: WMS | J26: TERPASANG | O26: TIDAK TERDETEKSI | P26: TIDAK TERDETEKSI | Q26: TIDAK TERDETEKSI | R26: <= 200GB | S26: >1000GB | T26: <= 500GB | U26: =IFERROR(__xludf.DUMMYFUNCTION("LET( angka_murni, ARRAYFORMULA(IFERROR(VALUE(REGEXREPLACE(N26:S26, ""[^0-9]"", """")), 0)), rata, IFERROR(AVERAGEIF(angka_murni, "">0""), 0), IF(rata > 0, IF(rata > 500, ""SANGAT OPTIMAL"", IF(rata > 200, ""OPTIMAL"", IF(rata > 100, "&"""KURANG OPTIMAL"", ""TIDAK OPTIMAL""))), IF(COUNTIF(N26:S26, ""*TIDAK TERDETEKSI*"") > 0, ""TIDAK TERDETEKSI"", IF(COUNTIF(N26:S26, ""*TIDAK AKTIF*"") > 0, ""TIDAK AKTIF"", IF(COUNTIF(N26:S26, ""*BELUM TERPASANG*"") > 0, ""BELUM TERPASAN"&"G"", ""TIDAK AKTIF""))) ) )"),"SANGAT OPTIMAL") -> SANGAT OPTIMAL
A27: =A26+1 -> 23 | B27: BERAU | C27: GUNUNG TABUR | D27: BIRANG | E27: KANTOR DESA | F27: 2.203806 | G27: 117.468896 | H27: BESTCAMP | I27: STARLINK | J27: TERPASANG | M27: BELUM TERPASANG | N27: BELUM TERPASANG | O27: BELUM TERPASANG | P27: <= 50GB | Q27: <= 150GB | R27: <= 100GB | S27: <= 100GB | T27: <= 100GB | U27: =IFERROR(__xludf.DUMMYFUNCTION("LET( angka_murni, ARRAYFORMULA(IFERROR(VALUE(REGEXREPLACE(N27:S27, ""[^0-9]"", """")), 0)), rata, IFERROR(AVERAGEIF(angka_murni, "">0""), 0), IF(rata > 0, IF(rata > 500, ""SANGAT OPTIMAL"", IF(rata > 200, ""OPTIMAL"", IF(rata > 100, "&"""KURANG OPTIMAL"", ""TIDAK OPTIMAL""))), IF(COUNTIF(N27:S27, ""*TIDAK TERDETEKSI*"") > 0, ""TIDAK TERDETEKSI"", IF(COUNTIF(N27:S27, ""*TIDAK AKTIF*"") > 0, ""TIDAK AKTIF"", IF(COUNTIF(N27:S27, ""*BELUM TERPASANG*"") > 0, ""BELUM TERPASAN"&"G"", ""TIDAK AKTIF""))) ) )"),"TIDAK OPTIMAL") -> TIDAK OPTIMAL
A28: =A27+1 -> 24 | B28: BERAU | C28: GUNUNG TABUR | D28: MALUANG | E28: KANTOR DESA | F28: 2.181368287478703 | G28: 117.51845002865578 | H28: TELKOM | I28: WMS | J28: TERPASANG | M28: BELUM TERPASANG | N28: BELUM TERPASANG | O28: BELUM TERPASANG | P28: BELUM TERPASANG | Q28: BELUM TERPASANG | R28: BELUM TERPASANG | S28: > 200GB | U28: =IFERROR(__xludf.DUMMYFUNCTION("LET( angka_murni, ARRAYFORMULA(IFERROR(VALUE(REGEXREPLACE(N28:S28, ""[^0-9]"", """")), 0)), rata, IFERROR(AVERAGEIF(angka_murni, "">0""), 0), IF(rata > 0, IF(rata > 500, ""SANGAT OPTIMAL"", IF(rata > 200, ""OPTIMAL"", IF(rata > 100, "&"""KURANG OPTIMAL"", ""TIDAK OPTIMAL""))), IF(COUNTIF(N28:S28, ""*TIDAK TERDETEKSI*"") > 0, ""TIDAK TERDETEKSI"", IF(COUNTIF(N28:S28, ""*TIDAK AKTIF*"") > 0, ""TIDAK AKTIF"", IF(COUNTIF(N28:S28, ""*BELUM TERPASANG*"") > 0, ""BELUM TERPASAN"&"G"", ""TIDAK AKTIF""))) ) )"),"KURANG OPTIMAL") -> KURANG OPTIMAL
A29: =A28+1 -> 25 | B29: BERAU | C29: GUNUNG TABUR | D29: SAMBURAKAT | E29: KANTOR DESA | F29: 2.1752313283484317 | G29: 117.54850596824551 | H29: TELKOMSEL | I29: INDIHOME | J29: TERPASANG | L29: PEMAKAIAN TIDAK OPTIMAL <100 GB DI SETIAP BULAN | O29: <= 50GB | P29: <= 100GB | Q29: <= 100GB | U29: =IFERROR(__xludf.DUMMYFUNCTION("LET( angka_murni, ARRAYFORMULA(IFERROR(VALUE(REGEXREPLACE(N29:S29, ""[^0-9]"", """")), 0)), rata, IFERROR(AVERAGEIF(angka_murni, "">0""), 0), IF(rata > 0, IF(rata > 500, ""SANGAT OPTIMAL"", IF(rata > 200, ""OPTIMAL"", IF(rata > 100, "&"""KURANG OPTIMAL"", ""TIDAK OPTIMAL""))), IF(COUNTIF(N29:S29, ""*TIDAK TERDETEKSI*"") > 0, ""TIDAK TERDETEKSI"", IF(COUNTIF(N29:S29, ""*TIDAK AKTIF*"") > 0, ""TIDAK AKTIF"", IF(COUNTIF(N29:S29, ""*BELUM TERPASANG*"") > 0, ""BELUM TERPASAN"&"G"", ""TIDAK AKTIF""))) ) )"),"TIDAK OPTIMAL") -> TIDAK OPTIMAL
A30: =A29+1 -> 26 | B30: BERAU | C30: GUNUNG TABUR | D30: SAMBAKUNGAN | E30: KANTOR DESA | F30: 2.21464690198614 | G30: 117.59864440813938 | H30: TELKOMSEL | I30: INDIHOME | J30: TERPASANG | L30: PEMAKAIAN TIDAK OPTIMAL <200 GB DI SETAP BULAN | O30: <= 10GB | P30: <= 150GB | Q30: <= 100GB | U30: =IFERROR(__xludf.DUMMYFUNCTION("LET( angka_murni, ARRAYFORMULA(IFERROR(VALUE(REGEXREPLACE(N30:S30, ""[^0-9]"", """")), 0)), rata, IFERROR(AVERAGEIF(angka_murni, "">0""), 0), IF(rata > 0, IF(rata > 500, ""SANGAT OPTIMAL"", IF(rata > 200, ""OPTIMAL"", IF(rata > 100, "&"""KURANG OPTIMAL"", ""TIDAK OPTIMAL""))), IF(COUNTIF(N30:S30, ""*TIDAK TERDETEKSI*"") > 0, ""TIDAK TERDETEKSI"", IF(COUNTIF(N30:S30, ""*TIDAK AKTIF*"") > 0, ""TIDAK AKTIF"", IF(COUNTIF(N30:S30, ""*BELUM TERPASANG*"") > 0, ""BELUM TERPASAN"&"G"", ""TIDAK AKTIF""))) ) )"),"TIDAK OPTIMAL") -> TIDAK OPTIMAL
A31: =A30+1 -> 27 | B31: BERAU | C31: GUNUNG TABUR | D31: MERANCANG ULU | E31: KANTOR DESA | F31: 2.2055231147736314 | G31: 117.66521933715202 | H31: TELKOMSEL | I31: INDIHOME | J31: TERPASANG | L31: PEMAKAIAN TIDAK OPTIMAL <100 GB DI SETIAP BULAN | O31: <= 100GB | P31: <= 100GB | Q31: <= 100GB | U31: =IFERROR(__xludf.DUMMYFUNCTION("LET( angka_murni, ARRAYFORMULA(IFERROR(VALUE(REGEXREPLACE(N31:S31, ""[^0-9]"", """")), 0)), rata, IFERROR(AVERAGEIF(angka_murni, "">0""), 0), IF(rata > 0, IF(rata > 500, ""SANGAT OPTIMAL"", IF(rata > 200, ""OPTIMAL"", IF(rata > 100, "&"""KURANG OPTIMAL"", ""TIDAK OPTIMAL""))), IF(COUNTIF(N31:S31, ""*TIDAK TERDETEKSI*"") > 0, ""TIDAK TERDETEKSI"", IF(COUNTIF(N31:S31, ""*TIDAK AKTIF*"") > 0, ""TIDAK AKTIF"", IF(COUNTIF(N31:S31, ""*BELUM TERPASANG*"") > 0, ""BELUM TERPASAN"&"G"", ""TIDAK AKTIF""))) ) )"),"TIDAK OPTIMAL") -> TIDAK OPTIMAL
A32: =A31+1 -> 28 | B32: BERAU | C32: GUNUNG TABUR | D32: MERANCANG ILIR | E32: KANTOR DESA | F32: 2.2077451652035602 | G32: 117.67821572730058 | H32: COMTELINDO | I32: WMS | J32: TERPASANG | O32: TIDAK TERDETEKSI | P32: TIDAK TERDETEKSI | Q32: TIDAK TERDETEKSI | R32: <= 500GB | S32: <=1000GB | T32: <= 500GB | U32: =IFERROR(__xludf.DUMMYFUNCTION("LET( angka_murni, ARRAYFORMULA(IFERROR(VALUE(REGEXREPLACE(N32:S32, ""[^0-9]"", """")), 0)), rata, IFERROR(AVERAGEIF(angka_murni, "">0""), 0), IF(rata > 0, IF(rata > 500, ""SANGAT OPTIMAL"", IF(rata > 200, ""OPTIMAL"", IF(rata > 100, "&"""KURANG OPTIMAL"", ""TIDAK OPTIMAL""))), IF(COUNTIF(N32:S32, ""*TIDAK TERDETEKSI*"") > 0, ""TIDAK TERDETEKSI"", IF(COUNTIF(N32:S32, ""*TIDAK AKTIF*"") > 0, ""TIDAK AKTIF"", IF(COUNTIF(N32:S32, ""*BELUM TERPASANG*"") > 0, ""BELUM TERPASAN"&"G"", ""TIDAK AKTIF""))) ) )"),"SANGAT OPTIMAL") -> SANGAT OPTIMAL
A33: =A32+1 -> 29 | B33: BERAU | C33: GUNUNG TABUR | D33: PULAU BESING | E33: KANTOR DESA | F33: 2.196157985452608 | G33: 117.66001871418263 | H33: COMTELINDO | I33: WMS | J33: TERPASANG | O33: TIDAK TERDETEKSI | P33: TIDAK TERDETEKSI | Q33: TIDAK TERDETEKSI | R33: <= 200GB | S33: >1000GB | T33: <=1000GB | U33: =IFERROR(__xludf.DUMMYFUNCTION("LET( angka_murni, ARRAYFORMULA(IFERROR(VALUE(REGEXREPLACE(N33:S33, ""[^0-9]"", """")), 0)), rata, IFERROR(AVERAGEIF(angka_murni, "">0""), 0), IF(rata > 0, IF(rata > 500, ""SANGAT OPTIMAL"", IF(rata > 200, ""OPTIMAL"", IF(rata > 100, "&"""KURANG OPTIMAL"", ""TIDAK OPTIMAL""))), IF(COUNTIF(N33:S33, ""*TIDAK TERDETEKSI*"") > 0, ""TIDAK TERDETEKSI"", IF(COUNTIF(N33:S33, ""*TIDAK AKTIF*"") > 0, ""TIDAK AKTIF"", IF(COUNTIF(N33:S33, ""*BELUM TERPASANG*"") > 0, ""BELUM TERPASAN"&"G"", ""TIDAK AKTIF""))) ) )"),"SANGAT OPTIMAL") -> SANGAT OPTIMAL
A34: =A33+1 -> 30 | B34: BERAU | C34: GUNUNG TABUR | D34: MELATI JAYA | E34: KANTOR DESA | F34: 2.310769889243056 | G34: 117.67866987853196 | H34: TELKOMSEL | I34: ORBIT | J34: TERPASANG | M34: BELUM TERPASANG | N34: BELUM TERPASANG | O34: BELUM TERPASANG | P34: BELUM TERPASANG | Q34: TIDAK TERDETEKSI | R34: TIDAK TERDETEKSI | S34: TIDAK TERDETEKSI | T34: <= 150GB | U34: =IFERROR(__xludf.DUMMYFUNCTION("LET( angka_murni, ARRAYFORMULA(IFERROR(VALUE(REGEXREPLACE(N34:S34, ""[^0-9]"", """")), 0)), rata, IFERROR(AVERAGEIF(angka_murni, "">0""), 0), IF(rata > 0, IF(rata > 500, ""SANGAT OPTIMAL"", IF(rata > 200, ""OPTIMAL"", IF(rata > 100, "&"""KURANG OPTIMAL"", ""TIDAK OPTIMAL""))), IF(COUNTIF(N34:S34, ""*TIDAK TERDETEKSI*"") > 0, ""TIDAK TERDETEKSI"", IF(COUNTIF(N34:S34, ""*TIDAK AKTIF*"") > 0, ""TIDAK AKTIF"", IF(COUNTIF(N34:S34, ""*BELUM TERPASANG*"") > 0, ""BELUM TERPASAN"&"G"", ""TIDAK AKTIF""))) ) )"),"TIDAK TERDETEKSI") -> TIDAK TERDETEKSI
A35: =A34+1 -> 31 | B35: BERAU | C35: GUNUNG TABUR | D35: BATU-BATU | E35: TUGU KAMPUNG BATU-BATU | F35: 2.190497 | G35: 117.726881 | H35: BESTCAMP | I35: STARLINK | J35: TERPASANG | M35: BELUM TERPASANG | N35: BELUM TERPASANG | O35: BELUM TERPASANG | P35: <= 500GB | Q35: <= 500GB | R35: <=1000GB | S35: >1000GB | T35: >1000GB | U35: =IFERROR(__xludf.DUMMYFUNCTION("LET( angka_murni, ARRAYFORMULA(IFERROR(VALUE(REGEXREPLACE(N35:S35, ""[^0-9]"", """")), 0)), rata, IFERROR(AVERAGEIF(angka_murni, "">0""), 0), IF(rata > 0, IF(rata > 500, ""SANGAT OPTIMAL"", IF(rata > 200, ""OPTIMAL"", IF(rata > 100, "&"""KURANG OPTIMAL"", ""TIDAK OPTIMAL""))), IF(COUNTIF(N35:S35, ""*TIDAK TERDETEKSI*"") > 0, ""TIDAK TERDETEKSI"", IF(COUNTIF(N35:S35, ""*TIDAK AKTIF*"") > 0, ""TIDAK AKTIF"", IF(COUNTIF(N35:S35, ""*BELUM TERPASANG*"") > 0, ""BELUM TERPASAN"&"G"", ""TIDAK AKTIF""))) ) )"),"SANGAT OPTIMAL") -> SANGAT OPTIMAL
A36: =A35+1 -> 32 | B36: BERAU | C36: KELAY | D36: MERABU | E36: KANTOR DESA | F36: 1.5059370720888037 | G36: 117.27349770574065 | H36: COMTELINDO | I36: WMS | J36: TERPASANG | O36: TIDAK TERDETEKSI | P36: TIDAK TERDETEKSI | Q36: TIDAK TERDETEKSI | R36: <= 500GB | S36: >1000GB | T36: <=1000GB | U36: =IFERROR(__xludf.DUMMYFUNCTION("LET( angka_murni, ARRAYFORMULA(IFERROR(VALUE(REGEXREPLACE(N36:S36, ""[^0-9]"", """")), 0)), rata, IFERROR(AVERAGEIF(angka_murni, "">0""), 0), IF(rata > 0, IF(rata > 500, ""SANGAT OPTIMAL"", IF(rata > 200, ""OPTIMAL"", IF(rata > 100, "&"""KURANG OPTIMAL"", ""TIDAK OPTIMAL""))), IF(COUNTIF(N36:S36, ""*TIDAK TERDETEKSI*"") > 0, ""TIDAK TERDETEKSI"", IF(COUNTIF(N36:S36, ""*TIDAK AKTIF*"") > 0, ""TIDAK AKTIF"", IF(COUNTIF(N36:S36, ""*BELUM TERPASANG*"") > 0, ""BELUM TERPASAN"&"G"", ""TIDAK AKTIF""))) ) )"),"SANGAT OPTIMAL") -> SANGAT OPTIMAL | V36: WILUS PLTS TERPUSAT
